2026-10-01 18:18:54,012 - flashvtg_dq_cgp_v3_gmr.train - INFO - Setup data and model...
2026-10-01 18:19:15,306 - flashvtg_dq_cgp_v3_gmr.train - INFO - Model FlashVTGHSDQCGP(
  (transformer): Transformer(
    (t2v_encoder): TransformerCATEEncoder(
      (layers): ModuleList(
        (0-5): 6 x T2V_TransformerEncoderLayer(
          (self_attn): MultiheadAttention(
            (out_proj): Linear(in_features=256, out_features=256, bias=True)
          )
          (linear1): Linear(in_features=256, out_features=1024, bias=True)
          (dropout): Dropout(p=0.1, inplace=False)
          (linear2): Linear(in_features=1024, out_features=256, bias=True)
          (norm1): LayerNorm((256,), eps=1e-05, elementwise_affine=True)
          (norm2): LayerNorm((256,), eps=1e-05, elementwise_affine=True)
          (dropout1): DropPath()
          (dropout2): DropPath()
          (activation): PReLU(num_parameters=1)
        )
      )
    )
    (encoder): TransformerEncoder(
      (layers): ModuleList(
        (0-2): 3 x TransformerEncoderLayer(
          (self_attn): MultiheadAttention(
            (out_proj): NonDynamicallyQuantizableLinear(in_features=256, out_features=256, bias=True)
          )
          (linear1): Linear(in_features=256, out_features=1024, bias=True)
          (dropout): Dropout(p=0.1, inplace=False)
          (linear2): Linear(in_features=1024, out_features=256, bias=True)
          (norm1): LayerNorm((256,), eps=1e-05, elementwise_affine=True)
          (norm2): LayerNorm((256,), eps=1e-05, elementwise_affine=True)
          (dropout1): DropPath()
          (dropout2): DropPath()
          (activation): PReLU(num_parameters=1)
        )
      )
    )
  )
  (position_embed): PositionEmbeddingSine()
  (txt_position_embed): TrainablePositionalEncoding(
    (position_embeddings): Embedding(40, 256)
    (LayerNorm): LayerNorm((256,), eps=1e-05, elementwise_affine=True)
    (dropout): Dropout(p=0.5, inplace=False)
  )
  (saliency_proj1): Linear(in_features=256, out_features=256, bias=True)
  (saliency_proj2): Linear(in_features=256, out_features=256, bias=True)
  (PositionEmbeddingSine): PositionEmbeddingSine()
  (input_txt_proj): Sequential(
    (0): LinearLayer(
      (LayerNorm): LayerNorm((512,), eps=1e-05, elementwise_affine=True)
      (net): Sequential(
        (0): Dropout(p=0.5, inplace=False)
        (1): Linear(in_features=512, out_features=256, bias=True)
      )
    )
    (1): LinearLayer(
      (LayerNorm): LayerNorm((256,), eps=1e-05, elementwise_affine=True)
      (net): Sequential(
        (0): Dropout(p=0.5, inplace=False)
        (1): Linear(in_features=256, out_features=256, bias=True)
      )
    )
  )
  (input_vid_proj): Sequential(
    (0): LinearLayer(
      (LayerNorm): LayerNorm((2818,), eps=1e-05, elementwise_affine=True)
      (net): Sequential(
        (0): Dropout(p=0.5, inplace=False)
        (1): Linear(in_features=2818, out_features=256, bias=True)
      )
    )
    (1): LinearLayer(
      (LayerNorm): LayerNorm((256,), eps=1e-05, elementwise_affine=True)
      (net): Sequential(
        (0): Dropout(p=0.5, inplace=False)
        (1): Linear(in_features=256, out_features=256, bias=True)
      )
    )
  )
  (token_type_embeddings): Embedding(2, 256)
  (txtproj_encoder): TransformerEncoder(
    (layers): ModuleList(
      (0-1): 2 x TransformerEncoderLayer(
        (self_attn): MultiheadAttention(
          (out_proj): NonDynamicallyQuantizableLinear(in_features=256, out_features=256, bias=True)
        )
        (linear1): Linear(in_features=256, out_features=1024, bias=True)
        (dropout): Dropout(p=0.1, inplace=False)
        (linear2): Linear(in_features=1024, out_features=256, bias=True)
        (norm1): LayerNorm((256,), eps=1e-05, elementwise_affine=True)
        (norm2): LayerNorm((256,), eps=1e-05, elementwise_affine=True)
        (dropout1): DropPath()
        (dropout2): DropPath()
        (activation): PReLU(num_parameters=1)
      )
    )
  )
  (pyramid): ConvPyramid(
    (blocks): ModuleList(
      (0): ReLU(inplace=True)
      (1): Sequential(
        (0): Permute()
        (1): Conv1d(256, 256, kernel_size=(2,), stride=(2,))
        (2): Permute()
        (3): LayerNorm((256,), eps=1e-05, elementwise_affine=True)
        (4): ReLU(inplace=True)
      )
      (2): Sequential(
        (0): Permute()
        (1): Conv1d(256, 256, kernel_size=(2,), stride=(2,))
        (2): Permute()
        (3): LayerNorm((256,), eps=1e-05, elementwise_affine=True)
        (4): ReLU(inplace=True)
        (5): Permute()
        (6): Conv1d(256, 256, kernel_size=(2,), stride=(2,))
        (7): Permute()
        (8): LayerNorm((256,), eps=1e-05, elementwise_affine=True)
        (9): ReLU(inplace=True)
      )
      (3): Sequential(
        (0): Permute()
        (1): Conv1d(256, 256, kernel_size=(2,), stride=(2,))
        (2): Permute()
        (3): LayerNorm((256,), eps=1e-05, elementwise_affine=True)
        (4): ReLU(inplace=True)
        (5): Permute()
        (6): Conv1d(256, 256, kernel_size=(2,), stride=(2,))
        (7): Permute()
        (8): LayerNorm((256,), eps=1e-05, elementwise_affine=True)
        (9): ReLU(inplace=True)
        (10): Permute()
        (11): Conv1d(256, 256, kernel_size=(2,), stride=(2,))
        (12): Permute()
        (13): LayerNorm((256,), eps=1e-05, elementwise_affine=True)
        (14): ReLU(inplace=True)
      )
    )
  )
  (pooling): AdaPooling(
    (att): Linear(in_features=256, out_features=1, bias=False)
  )
  (conf_head): ConfidenceScorer(
    (convs): ModuleList(
      (0): Conv2d(256, 256, kernel_size=(1, 5), stride=(1, 1), padding=(0, 2))
    )
    (activations): ModuleList(
      (0): ReLU()
    )
    (fc): MLP(
      (layers): ModuleList(
        (0): Linear(in_features=256, out_features=128, bias=True)
        (1-3): 3 x Linear(in_features=128, out_features=128, bias=True)
        (4): Linear(in_features=128, out_features=1, bias=True)
      )
    )
  )
  (class_head): ConfidenceScorer(
    (convs): ModuleList(
      (0): Conv2d(256, 256, kernel_size=(1, 5), stride=(1, 1), padding=(0, 2))
    )
    (activations): ModuleList(
      (0): ReLU()
    )
    (fc): MLP(
      (layers): ModuleList(
        (0): Linear(in_features=256, out_features=128, bias=True)
        (1-3): 3 x Linear(in_features=128, out_features=128, bias=True)
        (4): Linear(in_features=128, out_features=1, bias=True)
      )
    )
  )
  (coord_head): ConvHead(
    (module): Sequential(
      (0): Permute()
      (1): Conv1d(256, 256, kernel_size=(3,), stride=(1,), padding=(1,))
      (2): ReLU(inplace=True)
      (3): Conv1d(256, 2, kernel_size=(3,), stride=(1,), padding=(1,))
      (4): Permute()
    )
  )
  (generator): PointGenerator(
    (buffer): BufferList()
  )
  (dq_cgp): FlashPointHSDQCGP(
    (candidate_norm): LayerNorm((256,), eps=1e-05, elementwise_affine=True)
    (memory_norm): LayerNorm((256,), eps=1e-05, elementwise_affine=True)
    (candidate_projection): Linear(in_features=256, out_features=256, bias=False)
    (semantic_projection): Linear(in_features=256, out_features=256, bias=False)
    (memory_key_projection): Linear(in_features=256, out_features=256, bias=False)
    (memory_value_projection): Linear(in_features=256, out_features=256, bias=True)
    (point_projection): Sequential(
      (0): Linear(in_features=2, out_features=256, bias=True)
      (1): ReLU()
      (2): Linear(in_features=256, out_features=256, bias=True)
    )
    (level_embedding): Embedding(4, 256)
    (prototype_context_projection): Linear(in_features=256, out_features=256, bias=False)
    (prototype_semantic_projection): Linear(in_features=256, out_features=256, bias=False)
    (prototype_candidate_projection): Linear(in_features=256, out_features=256, bias=False)
    (prototype_score): Linear(in_features=256, out_features=1, bias=False)
    (router_prototype_norm): LayerNorm((256,), eps=1e-05, elementwise_affine=True)
    (router_semantic_norm): LayerNorm((256,), eps=1e-05, elementwise_affine=True)
    (level_router): Sequential(
      (0): Linear(in_features=768, out_features=256, bias=True)
      (1): ReLU()
      (2): Linear(in_features=256, out_features=16, bias=True)
    )
    (point_router): Sequential(
      (0): Linear(in_features=512, out_features=128, bias=True)
      (1): ReLU()
      (2): Linear(in_features=128, out_features=16, bias=True)
    )
    (frf_context_projection): Linear(in_features=256, out_features=256, bias=True)
    (frf): Sequential(
      (0): Linear(in_features=1024, out_features=512, bias=True)
      (1): ReLU()
      (2): Linear(in_features=512, out_features=256, bias=True)
    )
    (residual_projection): Linear(in_features=256, out_features=256, bias=True)
    (residual_norm): LayerNorm((256,), eps=1e-05, elementwise_affine=True)
  )
  (exist_head): Sequential(
    (0): Linear(in_features=512, out_features=256, bias=True)
    (1): ReLU(inplace=True)
    (2): Linear(in_features=256, out_features=1, bias=True)
  )
)
2026-10-01 18:19:15,306 - flashvtg_dq_cgp_v3_gmr.train - INFO - Learnable Parameters:
2026-10-01 18:19:15,307 - flashvtg_dq_cgp_v3_gmr.train - INFO - Learnable Parameters: 11.646M (100.0%)
2026-10-01 18:19:15,308 - flashvtg_dq_cgp_v3_gmr.train - INFO - Start Training...
2026-10-01 18:19:15,308 - flashvtg_dq_cgp_v3_gmr.train - INFO - CUDA enabled.
2026-10-01 18:19:15,383 - flashvtg_dq_cgp_v3_gmr.train - INFO - [Epoch 1]
2026-10-01 18:21:14,634 - flashvtg_dq_cgp_v3_gmr.train - INFO - 2026_10_01_18_21_14 [Epoch] 001 [Loss] loss_reg 0.4174 loss_cls 0.0464 loss_dq_cgp_bind 0.5538 loss_dq_cgp_route 0.4830 loss_dq_cgp_relation 0.2207 loss_dq_cgp_smooth 0.0181 loss_dq_cgp_level_js 0.0143 loss_dq_cgp_adjacent_js 0.0181 loss_dq_cgp_point_correction_ratio 0.8324 loss_dq_cgp_point_effect_js 0.0299 loss_dq_cgp_level_query_js 0.2619 loss_dq_cgp_route_load_balance 0.4638 loss_dq_cgp_route_entropy_target 0.0192 loss_dq_cgp_route_level_balance 0.0000 loss_dq_cgp_route_entropy 1.3863 loss_dq_cgp_usage_entropy 2.3088 loss_dq_cgp_effective_basis_count 10.1488 loss_dq_cgp_level_active_basis_count 4.0000 loss_dq_cgp_point_active_basis_count 4.0000 loss_dq_cgp_basis_usage_00 0.0656 loss_dq_cgp_basis_usage_01 0.0724 loss_dq_cgp_basis_usage_02 0.0757 loss_dq_cgp_basis_usage_03 0.0553 loss_dq_cgp_basis_usage_04 0.0000 loss_dq_cgp_basis_usage_05 0.0629 loss_dq_cgp_basis_usage_06 0.0015 loss_dq_cgp_basis_usage_07 0.0779 loss_dq_cgp_basis_usage_08 0.0736 loss_dq_cgp_basis_usage_09 0.0730 loss_dq_cgp_basis_usage_10 0.0744 loss_dq_cgp_basis_usage_11 0.0736 loss_dq_cgp_basis_usage_12 0.0765 loss_dq_cgp_basis_usage_13 0.0744 loss_dq_cgp_basis_usage_14 0.0780 loss_dq_cgp_basis_usage_15 0.0652 loss_dq_cgp_relation_route_js 0.0227 loss_dq_cgp_relation_attention_js 0.4304 loss_exist 0.4020 weighted_loss_overall 1.0881

2026-10-01 18:21:39,440 - flashvtg_dq_cgp_v3_gmr.train - INFO - metrics_no_nms OrderedDict([   ('MR-full-R1@0.3', 45.78),
                ('MR-full-R1@0.5', 27.18),
                ('MR-full-R1@0.7', 10.58),
                ('MR-full-mAP', 21.02),
                ('MR-full-mAP@0.5', 41.93),
                ('MR-full-mAP@0.75', 17.74),
                ('MR-full-mIoU', 28.72),
                ('GMR-TPR', 89.16),
                ('GMR-TNR', 48.63),
                ('GMR-BalancedAcc', 68.89)])
2026-10-01 18:21:39,440 - flashvtg_dq_cgp_v3_gmr.train - INFO - GMR Metrics - TPR: 89.16, TNR: 48.63, BalancedAcc: 68.89
2026-10-01 18:21:39,629 - flashvtg_dq_cgp_v3_gmr.train - INFO - The checkpoint file has been updated.
2026-10-01 18:21:39,822 - flashvtg_dq_cgp_v3_gmr.train - INFO - [Epoch 2]
2026-10-01 18:23:30,287 - flashvtg_dq_cgp_v3_gmr.train - INFO - 2026_10_01_18_23_30 [Epoch] 002 [Loss] loss_reg 0.3881 loss_cls 0.0360 loss_dq_cgp_bind 0.4315 loss_dq_cgp_route 0.3671 loss_dq_cgp_relation 0.1651 loss_dq_cgp_smooth 0.0083 loss_dq_cgp_level_js 0.0475 loss_dq_cgp_adjacent_js 0.0083 loss_dq_cgp_point_correction_ratio 0.8048 loss_dq_cgp_point_effect_js 0.0289 loss_dq_cgp_level_query_js 0.2856 loss_dq_cgp_route_load_balance 0.3479 loss_dq_cgp_route_entropy_target 0.0192 loss_dq_cgp_route_level_balance 0.0000 loss_dq_cgp_route_entropy 1.3863 loss_dq_cgp_usage_entropy 2.4247 loss_dq_cgp_effective_basis_count 11.3793 loss_dq_cgp_level_active_basis_count 4.0000 loss_dq_cgp_point_active_basis_count 4.0000 loss_dq_cgp_basis_usage_00 0.0670 loss_dq_cgp_basis_usage_01 0.0656 loss_dq_cgp_basis_usage_02 0.0659 loss_dq_cgp_basis_usage_03 0.0680 loss_dq_cgp_basis_usage_04 0.0009 loss_dq_cgp_basis_usage_05 0.0701 loss_dq_cgp_basis_usage_06 0.0544 loss_dq_cgp_basis_usage_07 0.0702 loss_dq_cgp_basis_usage_08 0.0662 loss_dq_cgp_basis_usage_09 0.0690 loss_dq_cgp_basis_usage_10 0.0678 loss_dq_cgp_basis_usage_11 0.0713 loss_dq_cgp_basis_usage_12 0.0676 loss_dq_cgp_basis_usage_13 0.0658 loss_dq_cgp_basis_usage_14 0.0671 loss_dq_cgp_basis_usage_15 0.0631 loss_dq_cgp_relation_route_js 0.0273 loss_dq_cgp_relation_attention_js 0.4570 loss_exist 0.3513 weighted_loss_overall 0.9478

2026-10-01 18:23:53,415 - flashvtg_dq_cgp_v3_gmr.train - INFO - metrics_no_nms OrderedDict([   ('MR-full-R1@0.3', 40.29),
                ('MR-full-R1@0.5', 31.06),
                ('MR-full-R1@0.7', 17.67),
                ('MR-full-mAP', 22.68),
                ('MR-full-mAP@0.5', 42.15),
                ('MR-full-mAP@0.75', 20.18),
                ('MR-full-mIoU', 28.32),
                ('GMR-TPR', 91.43),
                ('GMR-TNR', 43.33),
                ('GMR-BalancedAcc', 67.38)])
2026-10-01 18:23:53,415 - flashvtg_dq_cgp_v3_gmr.train - INFO - GMR Metrics - TPR: 91.43, TNR: 43.33, BalancedAcc: 67.38
2026-10-01 18:23:53,790 - flashvtg_dq_cgp_v3_gmr.train - INFO - The checkpoint file has been updated.
2026-10-01 18:23:54,074 - flashvtg_dq_cgp_v3_gmr.train - INFO - [Epoch 3]
2026-10-01 18:25:43,700 - flashvtg_dq_cgp_v3_gmr.train - INFO - 2026_10_01_18_25_43 [Epoch] 003 [Loss] loss_reg 0.3711 loss_cls 0.0351 loss_dq_cgp_bind 0.3247 loss_dq_cgp_route 0.3183 loss_dq_cgp_relation 0.1478 loss_dq_cgp_smooth 0.0063 loss_dq_cgp_level_js 0.1256 loss_dq_cgp_adjacent_js 0.0063 loss_dq_cgp_point_correction_ratio 0.8145 loss_dq_cgp_point_effect_js 0.0293 loss_dq_cgp_level_query_js 0.2816 loss_dq_cgp_route_load_balance 0.2990 loss_dq_cgp_route_entropy_target 0.0192 loss_dq_cgp_route_level_balance 0.0000 loss_dq_cgp_route_entropy 1.3863 loss_dq_cgp_usage_entropy 2.4736 loss_dq_cgp_effective_basis_count 11.9357 loss_dq_cgp_level_active_basis_count 4.0000 loss_dq_cgp_point_active_basis_count 4.0000 loss_dq_cgp_basis_usage_00 0.0655 loss_dq_cgp_basis_usage_01 0.0673 loss_dq_cgp_basis_usage_02 0.0608 loss_dq_cgp_basis_usage_03 0.0675 loss_dq_cgp_basis_usage_04 0.0000 loss_dq_cgp_basis_usage_05 0.0676 loss_dq_cgp_basis_usage_06 0.0677 loss_dq_cgp_basis_usage_07 0.0710 loss_dq_cgp_basis_usage_08 0.0659 loss_dq_cgp_basis_usage_09 0.0639 loss_dq_cgp_basis_usage_10 0.0666 loss_dq_cgp_basis_usage_11 0.0687 loss_dq_cgp_basis_usage_12 0.0687 loss_dq_cgp_basis_usage_13 0.0655 loss_dq_cgp_basis_usage_14 0.0667 loss_dq_cgp_basis_usage_15 0.0667 loss_dq_cgp_relation_route_js 0.0307 loss_dq_cgp_relation_attention_js 0.4831 loss_exist 0.3373 weighted_loss_overall 0.9065

2026-10-01 18:26:06,952 - flashvtg_dq_cgp_v3_gmr.train - INFO - metrics_no_nms OrderedDict([   ('MR-full-R1@0.3', 46.32),
                ('MR-full-R1@0.5', 31.19),
                ('MR-full-R1@0.7', 16.2),
                ('MR-full-mAP', 24.43),
                ('MR-full-mAP@0.5', 47.17),
                ('MR-full-mAP@0.75', 21.49),
                ('MR-full-mIoU', 30.67),
                ('GMR-TPR', 91.03),
                ('GMR-TNR', 46.27),
                ('GMR-BalancedAcc', 68.65)])
2026-10-01 18:26:06,953 - flashvtg_dq_cgp_v3_gmr.train - INFO - GMR Metrics - TPR: 91.03, TNR: 46.27, BalancedAcc: 68.65
2026-10-01 18:26:07,638 - flashvtg_dq_cgp_v3_gmr.train - INFO - [Epoch 4]
2026-10-01 18:27:57,675 - flashvtg_dq_cgp_v3_gmr.train - INFO - 2026_10_01_18_27_57 [Epoch] 004 [Loss] loss_reg 0.3614 loss_cls 0.0340 loss_dq_cgp_bind 0.2732 loss_dq_cgp_route 0.2307 loss_dq_cgp_relation 0.1155 loss_dq_cgp_smooth 0.0075 loss_dq_cgp_level_js 0.3068 loss_dq_cgp_adjacent_js 0.0075 loss_dq_cgp_point_correction_ratio 0.8566 loss_dq_cgp_point_effect_js 0.0308 loss_dq_cgp_level_query_js 0.2485 loss_dq_cgp_route_load_balance 0.2115 loss_dq_cgp_route_entropy_target 0.0192 loss_dq_cgp_route_level_balance 0.0000 loss_dq_cgp_route_entropy 1.3863 loss_dq_cgp_usage_entropy 2.5611 loss_dq_cgp_effective_basis_count 12.9810 loss_dq_cgp_level_active_basis_count 4.0000 loss_dq_cgp_point_active_basis_count 4.0000 loss_dq_cgp_basis_usage_00 0.0670 loss_dq_cgp_basis_usage_01 0.0671 loss_dq_cgp_basis_usage_02 0.0641 loss_dq_cgp_basis_usage_03 0.0651 loss_dq_cgp_basis_usage_04 0.0000 loss_dq_cgp_basis_usage_05 0.0647 loss_dq_cgp_basis_usage_06 0.0709 loss_dq_cgp_basis_usage_07 0.0705 loss_dq_cgp_basis_usage_08 0.0624 loss_dq_cgp_basis_usage_09 0.0655 loss_dq_cgp_basis_usage_10 0.0664 loss_dq_cgp_basis_usage_11 0.0646 loss_dq_cgp_basis_usage_12 0.0692 loss_dq_cgp_basis_usage_13 0.0666 loss_dq_cgp_basis_usage_14 0.0684 loss_dq_cgp_basis_usage_15 0.0672 loss_dq_cgp_relation_route_js 0.0355 loss_dq_cgp_relation_attention_js 0.4934 loss_exist 0.3325 weighted_loss_overall 0.8824

2026-10-01 18:28:21,037 - flashvtg_dq_cgp_v3_gmr.train - INFO - metrics_no_nms OrderedDict([   ('MR-full-R1@0.3', 54.75),
                ('MR-full-R1@0.5', 41.1),
                ('MR-full-R1@0.7', 19.14),
                ('MR-full-mAP', 29.14),
                ('MR-full-mAP@0.5', 56.14),
                ('MR-full-mAP@0.75', 25.35),
                ('MR-full-mIoU', 36.91),
                ('GMR-TPR', 87.95),
                ('GMR-TNR', 53.14),
                ('GMR-BalancedAcc', 70.54)])
2026-10-01 18:28:21,038 - flashvtg_dq_cgp_v3_gmr.train - INFO - GMR Metrics - TPR: 87.95, TNR: 53.14, BalancedAcc: 70.54
2026-10-01 18:28:21,493 - flashvtg_dq_cgp_v3_gmr.train - INFO - The checkpoint file has been updated.
2026-10-01 18:28:21,886 - flashvtg_dq_cgp_v3_gmr.train - INFO - [Epoch 5]
2026-10-01 18:30:11,528 - flashvtg_dq_cgp_v3_gmr.train - INFO - 2026_10_01_18_30_11 [Epoch] 005 [Loss] loss_reg 0.3496 loss_cls 0.0329 loss_dq_cgp_bind 0.2285 loss_dq_cgp_route 0.1547 loss_dq_cgp_relation 0.1008 loss_dq_cgp_smooth 0.0075 loss_dq_cgp_level_js 0.4268 loss_dq_cgp_adjacent_js 0.0075 loss_dq_cgp_point_correction_ratio 0.8969 loss_dq_cgp_point_effect_js 0.0322 loss_dq_cgp_level_query_js 0.2169 loss_dq_cgp_route_load_balance 0.1355 loss_dq_cgp_route_entropy_target 0.0192 loss_dq_cgp_route_level_balance 0.0000 loss_dq_cgp_route_entropy 1.3863 loss_dq_cgp_usage_entropy 2.6371 loss_dq_cgp_effective_basis_count 13.9955 loss_dq_cgp_level_active_basis_count 4.0000 loss_dq_cgp_point_active_basis_count 4.0000 loss_dq_cgp_basis_usage_00 0.0659 loss_dq_cgp_basis_usage_01 0.0647 loss_dq_cgp_basis_usage_02 0.0636 loss_dq_cgp_basis_usage_03 0.0647 loss_dq_cgp_basis_usage_04 0.0279 loss_dq_cgp_basis_usage_05 0.0648 loss_dq_cgp_basis_usage_06 0.0680 loss_dq_cgp_basis_usage_07 0.0665 loss_dq_cgp_basis_usage_08 0.0621 loss_dq_cgp_basis_usage_09 0.0626 loss_dq_cgp_basis_usage_10 0.0645 loss_dq_cgp_basis_usage_11 0.0614 loss_dq_cgp_basis_usage_12 0.0665 loss_dq_cgp_basis_usage_13 0.0652 loss_dq_cgp_basis_usage_14 0.0667 loss_dq_cgp_basis_usage_15 0.0649 loss_dq_cgp_relation_route_js 0.0382 loss_dq_cgp_relation_attention_js 0.5029 loss_exist 0.3238 weighted_loss_overall 0.8528

2026-10-01 18:30:34,901 - flashvtg_dq_cgp_v3_gmr.train - INFO - metrics_no_nms OrderedDict([   ('MR-full-R1@0.3', 57.97),
                ('MR-full-R1@0.5', 44.71),
                ('MR-full-R1@0.7', 23.16),
                ('MR-full-mAP', 31.52),
                ('MR-full-mAP@0.5', 58.97),
                ('MR-full-mAP@0.75', 28.1),
                ('MR-full-mIoU', 39.55),
                ('GMR-TPR', 90.09),
                ('GMR-TNR', 49.8),
                ('GMR-BalancedAcc', 69.95)])
2026-10-01 18:30:34,902 - flashvtg_dq_cgp_v3_gmr.train - INFO - GMR Metrics - TPR: 90.09, TNR: 49.80, BalancedAcc: 69.95
2026-10-01 18:30:35,177 - flashvtg_dq_cgp_v3_gmr.train - INFO - The checkpoint file has been updated.
2026-10-01 18:30:35,655 - flashvtg_dq_cgp_v3_gmr.train - INFO - [Epoch 6]
2026-10-01 18:32:25,903 - flashvtg_dq_cgp_v3_gmr.train - INFO - 2026_10_01_18_32_25 [Epoch] 006 [Loss] loss_reg 0.3393 loss_cls 0.0320 loss_dq_cgp_bind 0.1923 loss_dq_cgp_route 0.1185 loss_dq_cgp_relation 0.0984 loss_dq_cgp_smooth 0.0068 loss_dq_cgp_level_js 0.4606 loss_dq_cgp_adjacent_js 0.0068 loss_dq_cgp_point_correction_ratio 0.9064 loss_dq_cgp_point_effect_js 0.0325 loss_dq_cgp_level_query_js 0.2085 loss_dq_cgp_route_load_balance 0.0993 loss_dq_cgp_route_entropy_target 0.0192 loss_dq_cgp_route_level_balance 0.0000 loss_dq_cgp_route_entropy 1.3863 loss_dq_cgp_usage_entropy 2.6733 loss_dq_cgp_effective_basis_count 14.5037 loss_dq_cgp_level_active_basis_count 4.0000 loss_dq_cgp_point_active_basis_count 4.0000 loss_dq_cgp_basis_usage_00 0.0633 loss_dq_cgp_basis_usage_01 0.0620 loss_dq_cgp_basis_usage_02 0.0619 loss_dq_cgp_basis_usage_03 0.0626 loss_dq_cgp_basis_usage_04 0.0602 loss_dq_cgp_basis_usage_05 0.0637 loss_dq_cgp_basis_usage_06 0.0656 loss_dq_cgp_basis_usage_07 0.0646 loss_dq_cgp_basis_usage_08 0.0605 loss_dq_cgp_basis_usage_09 0.0605 loss_dq_cgp_basis_usage_10 0.0614 loss_dq_cgp_basis_usage_11 0.0610 loss_dq_cgp_basis_usage_12 0.0644 loss_dq_cgp_basis_usage_13 0.0632 loss_dq_cgp_basis_usage_14 0.0628 loss_dq_cgp_basis_usage_15 0.0623 loss_dq_cgp_relation_route_js 0.0389 loss_dq_cgp_relation_attention_js 0.5120 loss_exist 0.3192 weighted_loss_overall 0.8315

2026-10-01 18:32:48,965 - flashvtg_dq_cgp_v3_gmr.train - INFO - metrics_no_nms OrderedDict([   ('MR-full-R1@0.3', 55.15),
                ('MR-full-R1@0.5', 44.04),
                ('MR-full-R1@0.7', 23.16),
                ('MR-full-mAP', 31.95),
                ('MR-full-mAP@0.5', 57.33),
                ('MR-full-mAP@0.75', 29.13),
                ('MR-full-mIoU', 38.99),
                ('GMR-TPR', 91.83),
                ('GMR-TNR', 47.45),
                ('GMR-BalancedAcc', 69.64)])
2026-10-01 18:32:48,965 - flashvtg_dq_cgp_v3_gmr.train - INFO - GMR Metrics - TPR: 91.83, TNR: 47.45, BalancedAcc: 69.64
2026-10-01 18:32:49,404 - flashvtg_dq_cgp_v3_gmr.train - INFO - [Epoch 7]
2026-10-01 18:34:39,699 - flashvtg_dq_cgp_v3_gmr.train - INFO - 2026_10_01_18_34_39 [Epoch] 007 [Loss] loss_reg 0.3290 loss_cls 0.0315 loss_dq_cgp_bind 0.1657 loss_dq_cgp_route 0.1108 loss_dq_cgp_relation 0.0873 loss_dq_cgp_smooth 0.0061 loss_dq_cgp_level_js 0.4704 loss_dq_cgp_adjacent_js 0.0061 loss_dq_cgp_point_correction_ratio 0.9251 loss_dq_cgp_point_effect_js 0.0330 loss_dq_cgp_level_query_js 0.2007 loss_dq_cgp_route_load_balance 0.0916 loss_dq_cgp_route_entropy_target 0.0192 loss_dq_cgp_route_level_balance 0.0000 loss_dq_cgp_route_entropy 1.3863 loss_dq_cgp_usage_entropy 2.6810 loss_dq_cgp_effective_basis_count 14.6143 loss_dq_cgp_level_active_basis_count 4.0000 loss_dq_cgp_point_active_basis_count 4.0000 loss_dq_cgp_basis_usage_00 0.0624 loss_dq_cgp_basis_usage_01 0.0618 loss_dq_cgp_basis_usage_02 0.0612 loss_dq_cgp_basis_usage_03 0.0629 loss_dq_cgp_basis_usage_04 0.0620 loss_dq_cgp_basis_usage_05 0.0631 loss_dq_cgp_basis_usage_06 0.0641 loss_dq_cgp_basis_usage_07 0.0627 loss_dq_cgp_basis_usage_08 0.0609 loss_dq_cgp_basis_usage_09 0.0624 loss_dq_cgp_basis_usage_10 0.0626 loss_dq_cgp_basis_usage_11 0.0623 loss_dq_cgp_basis_usage_12 0.0633 loss_dq_cgp_basis_usage_13 0.0624 loss_dq_cgp_basis_usage_14 0.0630 loss_dq_cgp_basis_usage_15 0.0630 loss_dq_cgp_relation_route_js 0.0411 loss_dq_cgp_relation_attention_js 0.5173 loss_exist 0.3156 weighted_loss_overall 0.8131

2026-10-01 18:35:03,219 - flashvtg_dq_cgp_v3_gmr.train - INFO - metrics_no_nms OrderedDict([   ('MR-full-R1@0.3', 58.37),
                ('MR-full-R1@0.5', 47.93),
                ('MR-full-R1@0.7', 28.25),
                ('MR-full-mAP', 34.47),
                ('MR-full-mAP@0.5', 60.54),
                ('MR-full-mAP@0.75', 32.83),
                ('MR-full-mIoU', 41.56),
                ('GMR-TPR', 92.1),
                ('GMR-TNR', 48.04),
                ('GMR-BalancedAcc', 70.07)])
2026-10-01 18:35:03,219 - flashvtg_dq_cgp_v3_gmr.train - INFO - GMR Metrics - TPR: 92.10, TNR: 48.04, BalancedAcc: 70.07
2026-10-01 18:35:03,473 - flashvtg_dq_cgp_v3_gmr.train - INFO - The checkpoint file has been updated.
2026-10-01 18:35:03,718 - flashvtg_dq_cgp_v3_gmr.train - INFO - [Epoch 8]
2026-10-01 18:36:53,872 - flashvtg_dq_cgp_v3_gmr.train - INFO - 2026_10_01_18_36_53 [Epoch] 008 [Loss] loss_reg 0.3237 loss_cls 0.0308 loss_dq_cgp_bind 0.1507 loss_dq_cgp_route 0.1098 loss_dq_cgp_relation 0.0682 loss_dq_cgp_smooth 0.0065 loss_dq_cgp_level_js 0.4729 loss_dq_cgp_adjacent_js 0.0065 loss_dq_cgp_point_correction_ratio 0.9413 loss_dq_cgp_point_effect_js 0.0336 loss_dq_cgp_level_query_js 0.1977 loss_dq_cgp_route_load_balance 0.0906 loss_dq_cgp_route_entropy_target 0.0192 loss_dq_cgp_route_level_balance 0.0000 loss_dq_cgp_route_entropy 1.3863 loss_dq_cgp_usage_entropy 2.6820 loss_dq_cgp_effective_basis_count 14.6270 loss_dq_cgp_level_active_basis_count 4.0000 loss_dq_cgp_point_active_basis_count 4.0000 loss_dq_cgp_basis_usage_00 0.0633 loss_dq_cgp_basis_usage_01 0.0610 loss_dq_cgp_basis_usage_02 0.0622 loss_dq_cgp_basis_usage_03 0.0639 loss_dq_cgp_basis_usage_04 0.0612 loss_dq_cgp_basis_usage_05 0.0620 loss_dq_cgp_basis_usage_06 0.0648 loss_dq_cgp_basis_usage_07 0.0619 loss_dq_cgp_basis_usage_08 0.0613 loss_dq_cgp_basis_usage_09 0.0630 loss_dq_cgp_basis_usage_10 0.0617 loss_dq_cgp_basis_usage_11 0.0625 loss_dq_cgp_basis_usage_12 0.0638 loss_dq_cgp_basis_usage_13 0.0625 loss_dq_cgp_basis_usage_14 0.0628 loss_dq_cgp_basis_usage_15 0.0621 loss_dq_cgp_relation_route_js 0.0433 loss_dq_cgp_relation_attention_js 0.5209 loss_exist 0.3065 weighted_loss_overall 0.7943

2026-10-01 18:37:17,145 - flashvtg_dq_cgp_v3_gmr.train - INFO - metrics_no_nms OrderedDict([   ('MR-full-R1@0.3', 60.91),
                ('MR-full-R1@0.5', 49.13),
                ('MR-full-R1@0.7', 28.25),
                ('MR-full-mAP', 35.56),
                ('MR-full-mAP@0.5', 61.61),
                ('MR-full-mAP@0.75', 34.21),
                ('MR-full-mIoU', 43.24),
                ('GMR-TPR', 95.45),
                ('GMR-TNR', 43.33),
                ('GMR-BalancedAcc', 69.39)])
2026-10-01 18:37:17,145 - flashvtg_dq_cgp_v3_gmr.train - INFO - GMR Metrics - TPR: 95.45, TNR: 43.33, BalancedAcc: 69.39
2026-10-01 18:37:17,766 - flashvtg_dq_cgp_v3_gmr.train - INFO - The checkpoint file has been updated.
2026-10-01 18:37:18,024 - flashvtg_dq_cgp_v3_gmr.train - INFO - [Epoch 9]
2026-10-01 18:39:08,150 - flashvtg_dq_cgp_v3_gmr.train - INFO - 2026_10_01_18_39_08 [Epoch] 009 [Loss] loss_reg 0.3158 loss_cls 0.0303 loss_dq_cgp_bind 0.1399 loss_dq_cgp_route 0.1048 loss_dq_cgp_relation 0.0513 loss_dq_cgp_smooth 0.0067 loss_dq_cgp_level_js 0.4800 loss_dq_cgp_adjacent_js 0.0067 loss_dq_cgp_point_correction_ratio 0.9525 loss_dq_cgp_point_effect_js 0.0340 loss_dq_cgp_level_query_js 0.1928 loss_dq_cgp_route_load_balance 0.0856 loss_dq_cgp_route_entropy_target 0.0192 loss_dq_cgp_route_level_balance 0.0000 loss_dq_cgp_route_entropy 1.3863 loss_dq_cgp_usage_entropy 2.6870 loss_dq_cgp_effective_basis_count 14.7003 loss_dq_cgp_level_active_basis_count 4.0000 loss_dq_cgp_point_active_basis_count 4.0000 loss_dq_cgp_basis_usage_00 0.0616 loss_dq_cgp_basis_usage_01 0.0623 loss_dq_cgp_basis_usage_02 0.0617 loss_dq_cgp_basis_usage_03 0.0626 loss_dq_cgp_basis_usage_04 0.0623 loss_dq_cgp_basis_usage_05 0.0628 loss_dq_cgp_basis_usage_06 0.0642 loss_dq_cgp_basis_usage_07 0.0629 loss_dq_cgp_basis_usage_08 0.0620 loss_dq_cgp_basis_usage_09 0.0619 loss_dq_cgp_basis_usage_10 0.0620 loss_dq_cgp_basis_usage_11 0.0620 loss_dq_cgp_basis_usage_12 0.0631 loss_dq_cgp_basis_usage_13 0.0624 loss_dq_cgp_basis_usage_14 0.0624 loss_dq_cgp_basis_usage_15 0.0638 loss_dq_cgp_relation_route_js 0.0454 loss_dq_cgp_relation_attention_js 0.5213 loss_exist 0.3022 weighted_loss_overall 0.7788

2026-10-01 18:39:31,317 - flashvtg_dq_cgp_v3_gmr.train - INFO - metrics_no_nms OrderedDict([   ('MR-full-R1@0.3', 59.57),
                ('MR-full-R1@0.5', 49.4),
                ('MR-full-R1@0.7', 31.19),
                ('MR-full-mAP', 36.46),
                ('MR-full-mAP@0.5', 61.81),
                ('MR-full-mAP@0.75', 35.94),
                ('MR-full-mIoU', 43.25),
                ('GMR-TPR', 93.71),
                ('GMR-TNR', 46.86),
                ('GMR-BalancedAcc', 70.29)])
2026-10-01 18:39:31,318 - flashvtg_dq_cgp_v3_gmr.train - INFO - GMR Metrics - TPR: 93.71, TNR: 46.86, BalancedAcc: 70.29
2026-10-01 18:39:31,573 - flashvtg_dq_cgp_v3_gmr.train - INFO - The checkpoint file has been updated.
2026-10-01 18:39:31,814 - flashvtg_dq_cgp_v3_gmr.train - INFO - [Epoch 10]
2026-10-01 18:41:21,612 - flashvtg_dq_cgp_v3_gmr.train - INFO - 2026_10_01_18_41_21 [Epoch] 010 [Loss] loss_reg 0.3085 loss_cls 0.0298 loss_dq_cgp_bind 0.1278 loss_dq_cgp_route 0.1057 loss_dq_cgp_relation 0.0489 loss_dq_cgp_smooth 0.0067 loss_dq_cgp_level_js 0.4822 loss_dq_cgp_adjacent_js 0.0067 loss_dq_cgp_point_correction_ratio 0.9583 loss_dq_cgp_point_effect_js 0.0341 loss_dq_cgp_level_query_js 0.1930 loss_dq_cgp_route_load_balance 0.0865 loss_dq_cgp_route_entropy_target 0.0192 loss_dq_cgp_route_level_balance 0.0000 loss_dq_cgp_route_entropy 1.3863 loss_dq_cgp_usage_entropy 2.6861 loss_dq_cgp_effective_basis_count 14.6880 loss_dq_cgp_level_active_basis_count 4.0000 loss_dq_cgp_point_active_basis_count 4.0000 loss_dq_cgp_basis_usage_00 0.0612 loss_dq_cgp_basis_usage_01 0.0635 loss_dq_cgp_basis_usage_02 0.0597 loss_dq_cgp_basis_usage_03 0.0626 loss_dq_cgp_basis_usage_04 0.0628 loss_dq_cgp_basis_usage_05 0.0638 loss_dq_cgp_basis_usage_06 0.0637 loss_dq_cgp_basis_usage_07 0.0633 loss_dq_cgp_basis_usage_08 0.0632 loss_dq_cgp_basis_usage_09 0.0616 loss_dq_cgp_basis_usage_10 0.0628 loss_dq_cgp_basis_usage_11 0.0618 loss_dq_cgp_basis_usage_12 0.0630 loss_dq_cgp_basis_usage_13 0.0622 loss_dq_cgp_basis_usage_14 0.0629 loss_dq_cgp_basis_usage_15 0.0619 loss_dq_cgp_relation_route_js 0.0460 loss_dq_cgp_relation_attention_js 0.5221 loss_exist 0.2964 weighted_loss_overall 0.7624

2026-10-01 18:41:45,005 - flashvtg_dq_cgp_v3_gmr.train - INFO - metrics_no_nms OrderedDict([   ('MR-full-R1@0.3', 63.19),
                ('MR-full-R1@0.5', 52.61),
                ('MR-full-R1@0.7', 32.66),
                ('MR-full-mAP', 37.47),
                ('MR-full-mAP@0.5', 63.31),
                ('MR-full-mAP@0.75', 36.97),
                ('MR-full-mIoU', 45.47),
                ('GMR-TPR', 95.58),
                ('GMR-TNR', 45.49),
                ('GMR-BalancedAcc', 70.54)])
2026-10-01 18:41:45,006 - flashvtg_dq_cgp_v3_gmr.train - INFO - GMR Metrics - TPR: 95.58, TNR: 45.49, BalancedAcc: 70.54
2026-10-01 18:41:45,262 - flashvtg_dq_cgp_v3_gmr.train - INFO - The checkpoint file has been updated.
2026-10-01 18:41:45,715 - flashvtg_dq_cgp_v3_gmr.train - INFO - [Epoch 11]
2026-10-01 18:43:42,413 - flashvtg_dq_cgp_v3_gmr.train - INFO - 2026_10_01_18_43_42 [Epoch] 011 [Loss] loss_reg 0.3028 loss_cls 0.0293 loss_dq_cgp_bind 0.1187 loss_dq_cgp_route 0.1005 loss_dq_cgp_relation 0.0447 loss_dq_cgp_smooth 0.0068 loss_dq_cgp_level_js 0.4866 loss_dq_cgp_adjacent_js 0.0068 loss_dq_cgp_point_correction_ratio 0.9622 loss_dq_cgp_point_effect_js 0.0342 loss_dq_cgp_level_query_js 0.1945 loss_dq_cgp_route_load_balance 0.0813 loss_dq_cgp_route_entropy_target 0.0192 loss_dq_cgp_route_level_balance 0.0000 loss_dq_cgp_route_entropy 1.3863 loss_dq_cgp_usage_entropy 2.6913 loss_dq_cgp_effective_basis_count 14.7626 loss_dq_cgp_level_active_basis_count 4.0000 loss_dq_cgp_point_active_basis_count 4.0000 loss_dq_cgp_basis_usage_00 0.0614 loss_dq_cgp_basis_usage_01 0.0622 loss_dq_cgp_basis_usage_02 0.0617 loss_dq_cgp_basis_usage_03 0.0629 loss_dq_cgp_basis_usage_04 0.0620 loss_dq_cgp_basis_usage_05 0.0636 loss_dq_cgp_basis_usage_06 0.0639 loss_dq_cgp_basis_usage_07 0.0634 loss_dq_cgp_basis_usage_08 0.0628 loss_dq_cgp_basis_usage_09 0.0622 loss_dq_cgp_basis_usage_10 0.0631 loss_dq_cgp_basis_usage_11 0.0607 loss_dq_cgp_basis_usage_12 0.0633 loss_dq_cgp_basis_usage_13 0.0626 loss_dq_cgp_basis_usage_14 0.0619 loss_dq_cgp_basis_usage_15 0.0626 loss_dq_cgp_relation_route_js 0.0465 loss_dq_cgp_relation_attention_js 0.5234 loss_exist 0.2931 weighted_loss_overall 0.7503

2026-10-01 18:44:11,163 - flashvtg_dq_cgp_v3_gmr.train - INFO - metrics_no_nms OrderedDict([   ('MR-full-R1@0.3', 63.59),
                ('MR-full-R1@0.5', 54.62),
                ('MR-full-R1@0.7', 32.66),
                ('MR-full-mAP', 38.49),
                ('MR-full-mAP@0.5', 64.86),
                ('MR-full-mAP@0.75', 38.41),
                ('MR-full-mIoU', 46.47),
                ('GMR-TPR', 94.11),
                ('GMR-TNR', 49.61),
                ('GMR-BalancedAcc', 71.86)])
2026-10-01 18:44:11,164 - flashvtg_dq_cgp_v3_gmr.train - INFO - GMR Metrics - TPR: 94.11, TNR: 49.61, BalancedAcc: 71.86
2026-10-01 18:44:11,441 - flashvtg_dq_cgp_v3_gmr.train - INFO - The checkpoint file has been updated.
2026-10-01 18:44:12,591 - flashvtg_dq_cgp_v3_gmr.train - INFO - [Epoch 12]
2026-10-01 18:46:05,631 - flashvtg_dq_cgp_v3_gmr.train - INFO - 2026_10_01_18_46_05 [Epoch] 012 [Loss] loss_reg 0.2951 loss_cls 0.0287 loss_dq_cgp_bind 0.1114 loss_dq_cgp_route 0.0925 loss_dq_cgp_relation 0.0393 loss_dq_cgp_smooth 0.0071 loss_dq_cgp_level_js 0.5052 loss_dq_cgp_adjacent_js 0.0071 loss_dq_cgp_point_correction_ratio 0.9670 loss_dq_cgp_point_effect_js 0.0343 loss_dq_cgp_level_query_js 0.1841 loss_dq_cgp_route_load_balance 0.0733 loss_dq_cgp_route_entropy_target 0.0192 loss_dq_cgp_route_level_balance 0.0000 loss_dq_cgp_route_entropy 1.3863 loss_dq_cgp_usage_entropy 2.6993 loss_dq_cgp_effective_basis_count 14.8779 loss_dq_cgp_level_active_basis_count 4.0000 loss_dq_cgp_point_active_basis_count 4.0000 loss_dq_cgp_basis_usage_00 0.0620 loss_dq_cgp_basis_usage_01 0.0617 loss_dq_cgp_basis_usage_02 0.0621 loss_dq_cgp_basis_usage_03 0.0634 loss_dq_cgp_basis_usage_04 0.0608 loss_dq_cgp_basis_usage_05 0.0629 loss_dq_cgp_basis_usage_06 0.0643 loss_dq_cgp_basis_usage_07 0.0625 loss_dq_cgp_basis_usage_08 0.0625 loss_dq_cgp_basis_usage_09 0.0623 loss_dq_cgp_basis_usage_10 0.0621 loss_dq_cgp_basis_usage_11 0.0622 loss_dq_cgp_basis_usage_12 0.0636 loss_dq_cgp_basis_usage_13 0.0631 loss_dq_cgp_basis_usage_14 0.0633 loss_dq_cgp_basis_usage_15 0.0612 loss_dq_cgp_relation_route_js 0.0472 loss_dq_cgp_relation_attention_js 0.5212 loss_exist 0.2858 weighted_loss_overall 0.7319

2026-10-01 18:46:30,534 - flashvtg_dq_cgp_v3_gmr.train - INFO - metrics_no_nms OrderedDict([   ('MR-full-R1@0.3', 61.45),
                ('MR-full-R1@0.5', 50.74),
                ('MR-full-R1@0.7', 32.53),
                ('MR-full-mAP', 37.37),
                ('MR-full-mAP@0.5', 62.08),
                ('MR-full-mAP@0.75', 37.11),
                ('MR-full-mIoU', 44.11),
                ('GMR-TPR', 96.79),
                ('GMR-TNR', 42.55),
                ('GMR-BalancedAcc', 69.67)])
2026-10-01 18:46:30,534 - flashvtg_dq_cgp_v3_gmr.train - INFO - GMR Metrics - TPR: 96.79, TNR: 42.55, BalancedAcc: 69.67
2026-10-01 18:46:30,805 - flashvtg_dq_cgp_v3_gmr.train - INFO - [Epoch 13]
2026-10-01 18:48:22,802 - flashvtg_dq_cgp_v3_gmr.train - INFO - 2026_10_01_18_48_22 [Epoch] 013 [Loss] loss_reg 0.2906 loss_cls 0.0284 loss_dq_cgp_bind 0.1095 loss_dq_cgp_route 0.0874 loss_dq_cgp_relation 0.0361 loss_dq_cgp_smooth 0.0075 loss_dq_cgp_level_js 0.5210 loss_dq_cgp_adjacent_js 0.0075 loss_dq_cgp_point_correction_ratio 0.9711 loss_dq_cgp_point_effect_js 0.0345 loss_dq_cgp_level_query_js 0.1734 loss_dq_cgp_route_load_balance 0.0682 loss_dq_cgp_route_entropy_target 0.0192 loss_dq_cgp_route_level_balance 0.0000 loss_dq_cgp_route_entropy 1.3863 loss_dq_cgp_usage_entropy 2.7044 loss_dq_cgp_effective_basis_count 14.9536 loss_dq_cgp_level_active_basis_count 4.0000 loss_dq_cgp_point_active_basis_count 4.0000 loss_dq_cgp_basis_usage_00 0.0620 loss_dq_cgp_basis_usage_01 0.0616 loss_dq_cgp_basis_usage_02 0.0640 loss_dq_cgp_basis_usage_03 0.0647 loss_dq_cgp_basis_usage_04 0.0611 loss_dq_cgp_basis_usage_05 0.0613 loss_dq_cgp_basis_usage_06 0.0652 loss_dq_cgp_basis_usage_07 0.0623 loss_dq_cgp_basis_usage_08 0.0612 loss_dq_cgp_basis_usage_09 0.0624 loss_dq_cgp_basis_usage_10 0.0622 loss_dq_cgp_basis_usage_11 0.0622 loss_dq_cgp_basis_usage_12 0.0647 loss_dq_cgp_basis_usage_13 0.0613 loss_dq_cgp_basis_usage_14 0.0628 loss_dq_cgp_basis_usage_15 0.0611 loss_dq_cgp_relation_route_js 0.0477 loss_dq_cgp_relation_attention_js 0.5207 loss_exist 0.2769 weighted_loss_overall 0.7167

2026-10-01 18:48:47,453 - flashvtg_dq_cgp_v3_gmr.train - INFO - metrics_no_nms OrderedDict([   ('MR-full-R1@0.3', 62.78),
                ('MR-full-R1@0.5', 51.81),
                ('MR-full-R1@0.7', 33.07),
                ('MR-full-mAP', 37.58),
                ('MR-full-mAP@0.5', 62.76),
                ('MR-full-mAP@0.75', 37.46),
                ('MR-full-mIoU', 44.71),
                ('GMR-TPR', 96.79),
                ('GMR-TNR', 44.12),
                ('GMR-BalancedAcc', 70.45)])
2026-10-01 18:48:47,453 - flashvtg_dq_cgp_v3_gmr.train - INFO - GMR Metrics - TPR: 96.79, TNR: 44.12, BalancedAcc: 70.45
2026-10-01 18:48:47,843 - flashvtg_dq_cgp_v3_gmr.train - INFO - [Epoch 14]
2026-10-01 18:50:40,213 - flashvtg_dq_cgp_v3_gmr.train - INFO - 2026_10_01_18_50_40 [Epoch] 014 [Loss] loss_reg 0.2863 loss_cls 0.0281 loss_dq_cgp_bind 0.1015 loss_dq_cgp_route 0.0829 loss_dq_cgp_relation 0.0340 loss_dq_cgp_smooth 0.0078 loss_dq_cgp_level_js 0.5290 loss_dq_cgp_adjacent_js 0.0078 loss_dq_cgp_point_correction_ratio 0.9738 loss_dq_cgp_point_effect_js 0.0347 loss_dq_cgp_level_query_js 0.1697 loss_dq_cgp_route_load_balance 0.0636 loss_dq_cgp_route_entropy_target 0.0192 loss_dq_cgp_route_level_balance 0.0000 loss_dq_cgp_route_entropy 1.3863 loss_dq_cgp_usage_entropy 2.7090 loss_dq_cgp_effective_basis_count 15.0215 loss_dq_cgp_level_active_basis_count 4.0000 loss_dq_cgp_point_active_basis_count 4.0000 loss_dq_cgp_basis_usage_00 0.0628 loss_dq_cgp_basis_usage_01 0.0602 loss_dq_cgp_basis_usage_02 0.0644 loss_dq_cgp_basis_usage_03 0.0646 loss_dq_cgp_basis_usage_04 0.0609 loss_dq_cgp_basis_usage_05 0.0618 loss_dq_cgp_basis_usage_06 0.0648 loss_dq_cgp_basis_usage_07 0.0620 loss_dq_cgp_basis_usage_08 0.0616 loss_dq_cgp_basis_usage_09 0.0632 loss_dq_cgp_basis_usage_10 0.0616 loss_dq_cgp_basis_usage_11 0.0623 loss_dq_cgp_basis_usage_12 0.0649 loss_dq_cgp_basis_usage_13 0.0616 loss_dq_cgp_basis_usage_14 0.0634 loss_dq_cgp_basis_usage_15 0.0598 loss_dq_cgp_relation_route_js 0.0482 loss_dq_cgp_relation_attention_js 0.5220 loss_exist 0.2680 weighted_loss_overall 0.7013

2026-10-01 18:51:04,538 - flashvtg_dq_cgp_v3_gmr.train - INFO - metrics_no_nms OrderedDict([   ('MR-full-R1@0.3', 64.12),
                ('MR-full-R1@0.5', 54.22),
                ('MR-full-R1@0.7', 36.55),
                ('MR-full-mAP', 39.62),
                ('MR-full-mAP@0.5', 64.86),
                ('MR-full-mAP@0.75', 41.27),
                ('MR-full-mIoU', 46.59),
                ('GMR-TPR', 96.92),
                ('GMR-TNR', 43.73),
                ('GMR-BalancedAcc', 70.32)])
2026-10-01 18:51:04,538 - flashvtg_dq_cgp_v3_gmr.train - INFO - GMR Metrics - TPR: 96.92, TNR: 43.73, BalancedAcc: 70.32
2026-10-01 18:51:05,167 - flashvtg_dq_cgp_v3_gmr.train - INFO - The checkpoint file has been updated.
2026-10-01 18:51:05,932 - flashvtg_dq_cgp_v3_gmr.train - INFO - [Epoch 15]
2026-10-01 18:52:58,200 - flashvtg_dq_cgp_v3_gmr.train - INFO - 2026_10_01_18_52_58 [Epoch] 015 [Loss] loss_reg 0.2823 loss_cls 0.0277 loss_dq_cgp_bind 0.1021 loss_dq_cgp_route 0.0802 loss_dq_cgp_relation 0.0314 loss_dq_cgp_smooth 0.0081 loss_dq_cgp_level_js 0.5394 loss_dq_cgp_adjacent_js 0.0081 loss_dq_cgp_point_correction_ratio 0.9764 loss_dq_cgp_point_effect_js 0.0348 loss_dq_cgp_level_query_js 0.1627 loss_dq_cgp_route_load_balance 0.0610 loss_dq_cgp_route_entropy_target 0.0192 loss_dq_cgp_route_level_balance 0.0000 loss_dq_cgp_route_entropy 1.3863 loss_dq_cgp_usage_entropy 2.7116 loss_dq_cgp_effective_basis_count 15.0611 loss_dq_cgp_level_active_basis_count 4.0000 loss_dq_cgp_point_active_basis_count 4.0000 loss_dq_cgp_basis_usage_00 0.0633 loss_dq_cgp_basis_usage_01 0.0606 loss_dq_cgp_basis_usage_02 0.0650 loss_dq_cgp_basis_usage_03 0.0652 loss_dq_cgp_basis_usage_04 0.0603 loss_dq_cgp_basis_usage_05 0.0608 loss_dq_cgp_basis_usage_06 0.0651 loss_dq_cgp_basis_usage_07 0.0610 loss_dq_cgp_basis_usage_08 0.0613 loss_dq_cgp_basis_usage_09 0.0635 loss_dq_cgp_basis_usage_10 0.0615 loss_dq_cgp_basis_usage_11 0.0631 loss_dq_cgp_basis_usage_12 0.0656 loss_dq_cgp_basis_usage_13 0.0607 loss_dq_cgp_basis_usage_14 0.0634 loss_dq_cgp_basis_usage_15 0.0598 loss_dq_cgp_relation_route_js 0.0487 loss_dq_cgp_relation_attention_js 0.5228 loss_exist 0.2645 weighted_loss_overall 0.6918

2026-10-01 18:53:22,800 - flashvtg_dq_cgp_v3_gmr.train - INFO - metrics_no_nms OrderedDict([   ('MR-full-R1@0.3', 63.59),
                ('MR-full-R1@0.5', 52.48),
                ('MR-full-R1@0.7', 36.28),
                ('MR-full-mAP', 39.31),
                ('MR-full-mAP@0.5', 64.01),
                ('MR-full-mAP@0.75', 39.81),
                ('MR-full-mIoU', 46.05),
                ('GMR-TPR', 95.45),
                ('GMR-TNR', 48.63),
                ('GMR-BalancedAcc', 72.04)])
2026-10-01 18:53:22,801 - flashvtg_dq_cgp_v3_gmr.train - INFO - GMR Metrics - TPR: 95.45, TNR: 48.63, BalancedAcc: 72.04
2026-10-01 18:53:23,311 - flashvtg_dq_cgp_v3_gmr.train - INFO - [Epoch 16]
2026-10-01 18:55:15,075 - flashvtg_dq_cgp_v3_gmr.train - INFO - 2026_10_01_18_55_15 [Epoch] 016 [Loss] loss_reg 0.2775 loss_cls 0.0272 loss_dq_cgp_bind 0.0969 loss_dq_cgp_route 0.0790 loss_dq_cgp_relation 0.0306 loss_dq_cgp_smooth 0.0083 loss_dq_cgp_level_js 0.5452 loss_dq_cgp_adjacent_js 0.0083 loss_dq_cgp_point_correction_ratio 0.9775 loss_dq_cgp_point_effect_js 0.0348 loss_dq_cgp_level_query_js 0.1573 loss_dq_cgp_route_load_balance 0.0598 loss_dq_cgp_route_entropy_target 0.0192 loss_dq_cgp_route_level_balance 0.0000 loss_dq_cgp_route_entropy 1.3863 loss_dq_cgp_usage_entropy 2.7128 loss_dq_cgp_effective_basis_count 15.0789 loss_dq_cgp_level_active_basis_count 4.0000 loss_dq_cgp_point_active_basis_count 4.0000 loss_dq_cgp_basis_usage_00 0.0635 loss_dq_cgp_basis_usage_01 0.0601 loss_dq_cgp_basis_usage_02 0.0649 loss_dq_cgp_basis_usage_03 0.0648 loss_dq_cgp_basis_usage_04 0.0603 loss_dq_cgp_basis_usage_05 0.0612 loss_dq_cgp_basis_usage_06 0.0649 loss_dq_cgp_basis_usage_07 0.0609 loss_dq_cgp_basis_usage_08 0.0616 loss_dq_cgp_basis_usage_09 0.0639 loss_dq_cgp_basis_usage_10 0.0614 loss_dq_cgp_basis_usage_11 0.0632 loss_dq_cgp_basis_usage_12 0.0650 loss_dq_cgp_basis_usage_13 0.0603 loss_dq_cgp_basis_usage_14 0.0636 loss_dq_cgp_basis_usage_15 0.0603 loss_dq_cgp_relation_route_js 0.0482 loss_dq_cgp_relation_attention_js 0.5150 loss_exist 0.2550 weighted_loss_overall 0.6748

2026-10-01 18:55:39,126 - flashvtg_dq_cgp_v3_gmr.train - INFO - metrics_no_nms OrderedDict([   ('MR-full-R1@0.3', 62.65),
                ('MR-full-R1@0.5', 52.74),
                ('MR-full-R1@0.7', 35.07),
                ('MR-full-mAP', 38.93),
                ('MR-full-mAP@0.5', 63.64),
                ('MR-full-mAP@0.75', 39.39),
                ('MR-full-mIoU', 45.43),
                ('GMR-TPR', 95.72),
                ('GMR-TNR', 49.41),
                ('GMR-BalancedAcc', 72.56)])
2026-10-01 18:55:39,126 - flashvtg_dq_cgp_v3_gmr.train - INFO - GMR Metrics - TPR: 95.72, TNR: 49.41, BalancedAcc: 72.56
2026-10-01 18:55:39,749 - flashvtg_dq_cgp_v3_gmr.train - INFO - [Epoch 17]
2026-10-01 18:57:32,803 - flashvtg_dq_cgp_v3_gmr.train - INFO - 2026_10_01_18_57_32 [Epoch] 017 [Loss] loss_reg 0.2717 loss_cls 0.0270 loss_dq_cgp_bind 0.0947 loss_dq_cgp_route 0.0775 loss_dq_cgp_relation 0.0300 loss_dq_cgp_smooth 0.0086 loss_dq_cgp_level_js 0.5484 loss_dq_cgp_adjacent_js 0.0086 loss_dq_cgp_point_correction_ratio 0.9776 loss_dq_cgp_point_effect_js 0.0348 loss_dq_cgp_level_query_js 0.1519 loss_dq_cgp_route_load_balance 0.0583 loss_dq_cgp_route_entropy_target 0.0192 loss_dq_cgp_route_level_balance 0.0000 loss_dq_cgp_route_entropy 1.3863 loss_dq_cgp_usage_entropy 2.7143 loss_dq_cgp_effective_basis_count 15.1018 loss_dq_cgp_level_active_basis_count 4.0000 loss_dq_cgp_point_active_basis_count 4.0000 loss_dq_cgp_basis_usage_00 0.0629 loss_dq_cgp_basis_usage_01 0.0624 loss_dq_cgp_basis_usage_02 0.0639 loss_dq_cgp_basis_usage_03 0.0644 loss_dq_cgp_basis_usage_04 0.0610 loss_dq_cgp_basis_usage_05 0.0624 loss_dq_cgp_basis_usage_06 0.0642 loss_dq_cgp_basis_usage_07 0.0620 loss_dq_cgp_basis_usage_08 0.0597 loss_dq_cgp_basis_usage_09 0.0633 loss_dq_cgp_basis_usage_10 0.0620 loss_dq_cgp_basis_usage_11 0.0631 loss_dq_cgp_basis_usage_12 0.0641 loss_dq_cgp_basis_usage_13 0.0611 loss_dq_cgp_basis_usage_14 0.0634 loss_dq_cgp_basis_usage_15 0.0600 loss_dq_cgp_relation_route_js 0.0483 loss_dq_cgp_relation_attention_js 0.5141 loss_exist 0.2508 weighted_loss_overall 0.6636

2026-10-01 18:57:57,384 - flashvtg_dq_cgp_v3_gmr.train - INFO - metrics_no_nms OrderedDict([   ('MR-full-R1@0.3', 64.52),
                ('MR-full-R1@0.5', 54.08),
                ('MR-full-R1@0.7', 36.14),
                ('MR-full-mAP', 39.68),
                ('MR-full-mAP@0.5', 64.31),
                ('MR-full-mAP@0.75', 40.6),
                ('MR-full-mIoU', 46.62),
                ('GMR-TPR', 94.91),
                ('GMR-TNR', 51.37),
                ('GMR-BalancedAcc', 73.14)])
2026-10-01 18:57:57,384 - flashvtg_dq_cgp_v3_gmr.train - INFO - GMR Metrics - TPR: 94.91, TNR: 51.37, BalancedAcc: 73.14
2026-10-01 18:57:57,888 - flashvtg_dq_cgp_v3_gmr.train - INFO - [Epoch 18]
2026-10-01 18:59:50,330 - flashvtg_dq_cgp_v3_gmr.train - INFO - 2026_10_01_18_59_50 [Epoch] 018 [Loss] loss_reg 0.2674 loss_cls 0.0266 loss_dq_cgp_bind 0.0896 loss_dq_cgp_route 0.0762 loss_dq_cgp_relation 0.0294 loss_dq_cgp_smooth 0.0086 loss_dq_cgp_level_js 0.5468 loss_dq_cgp_adjacent_js 0.0086 loss_dq_cgp_point_correction_ratio 0.9771 loss_dq_cgp_point_effect_js 0.0348 loss_dq_cgp_level_query_js 0.1541 loss_dq_cgp_route_load_balance 0.0570 loss_dq_cgp_route_entropy_target 0.0192 loss_dq_cgp_route_level_balance 0.0000 loss_dq_cgp_route_entropy 1.3863 loss_dq_cgp_usage_entropy 2.7156 loss_dq_cgp_effective_basis_count 15.1203 loss_dq_cgp_level_active_basis_count 4.0000 loss_dq_cgp_point_active_basis_count 4.0000 loss_dq_cgp_basis_usage_00 0.0632 loss_dq_cgp_basis_usage_01 0.0614 loss_dq_cgp_basis_usage_02 0.0645 loss_dq_cgp_basis_usage_03 0.0647 loss_dq_cgp_basis_usage_04 0.0598 loss_dq_cgp_basis_usage_05 0.0619 loss_dq_cgp_basis_usage_06 0.0648 loss_dq_cgp_basis_usage_07 0.0606 loss_dq_cgp_basis_usage_08 0.0608 loss_dq_cgp_basis_usage_09 0.0637 loss_dq_cgp_basis_usage_10 0.0615 loss_dq_cgp_basis_usage_11 0.0634 loss_dq_cgp_basis_usage_12 0.0643 loss_dq_cgp_basis_usage_13 0.0611 loss_dq_cgp_basis_usage_14 0.0637 loss_dq_cgp_basis_usage_15 0.0606 loss_dq_cgp_relation_route_js 0.0483 loss_dq_cgp_relation_attention_js 0.5125 loss_exist 0.2447 weighted_loss_overall 0.6511

2026-10-01 19:00:15,221 - flashvtg_dq_cgp_v3_gmr.train - INFO - metrics_no_nms OrderedDict([   ('MR-full-R1@0.3', 62.92),
                ('MR-full-R1@0.5', 53.01),
                ('MR-full-R1@0.7', 34.81),
                ('MR-full-mAP', 38.93),
                ('MR-full-mAP@0.5', 64.55),
                ('MR-full-mAP@0.75', 39.46),
                ('MR-full-mIoU', 45.61),
                ('GMR-TPR', 94.38),
                ('GMR-TNR', 51.96),
                ('GMR-BalancedAcc', 73.17)])
2026-10-01 19:00:15,222 - flashvtg_dq_cgp_v3_gmr.train - INFO - GMR Metrics - TPR: 94.38, TNR: 51.96, BalancedAcc: 73.17
2026-10-01 19:00:15,474 - flashvtg_dq_cgp_v3_gmr.train - INFO - [Epoch 19]
2026-10-01 19:02:07,135 - flashvtg_dq_cgp_v3_gmr.train - INFO - 2026_10_01_19_02_07 [Epoch] 019 [Loss] loss_reg 0.2642 loss_cls 0.0262 loss_dq_cgp_bind 0.0878 loss_dq_cgp_route 0.0770 loss_dq_cgp_relation 0.0291 loss_dq_cgp_smooth 0.0088 loss_dq_cgp_level_js 0.5497 loss_dq_cgp_adjacent_js 0.0088 loss_dq_cgp_point_correction_ratio 0.9774 loss_dq_cgp_point_effect_js 0.0348 loss_dq_cgp_level_query_js 0.1521 loss_dq_cgp_route_load_balance 0.0577 loss_dq_cgp_route_entropy_target 0.0192 loss_dq_cgp_route_level_balance 0.0000 loss_dq_cgp_route_entropy 1.3863 loss_dq_cgp_usage_entropy 2.7148 loss_dq_cgp_effective_basis_count 15.1099 loss_dq_cgp_level_active_basis_count 4.0000 loss_dq_cgp_point_active_basis_count 4.0000 loss_dq_cgp_basis_usage_00 0.0634 loss_dq_cgp_basis_usage_01 0.0615 loss_dq_cgp_basis_usage_02 0.0649 loss_dq_cgp_basis_usage_03 0.0650 loss_dq_cgp_basis_usage_04 0.0602 loss_dq_cgp_basis_usage_05 0.0611 loss_dq_cgp_basis_usage_06 0.0647 loss_dq_cgp_basis_usage_07 0.0616 loss_dq_cgp_basis_usage_08 0.0607 loss_dq_cgp_basis_usage_09 0.0637 loss_dq_cgp_basis_usage_10 0.0611 loss_dq_cgp_basis_usage_11 0.0626 loss_dq_cgp_basis_usage_12 0.0648 loss_dq_cgp_basis_usage_13 0.0598 loss_dq_cgp_basis_usage_14 0.0637 loss_dq_cgp_basis_usage_15 0.0611 loss_dq_cgp_relation_route_js 0.0478 loss_dq_cgp_relation_attention_js 0.5056 loss_exist 0.2357 weighted_loss_overall 0.6369

2026-10-01 19:02:31,578 - flashvtg_dq_cgp_v3_gmr.train - INFO - metrics_no_nms OrderedDict([   ('MR-full-R1@0.3', 64.93),
                ('MR-full-R1@0.5', 54.89),
                ('MR-full-R1@0.7', 36.14),
                ('MR-full-mAP', 39.51),
                ('MR-full-mAP@0.5', 65.77),
                ('MR-full-mAP@0.75', 39.67),
                ('MR-full-mIoU', 47.18),
                ('GMR-TPR', 93.98),
                ('GMR-TNR', 52.75),
                ('GMR-BalancedAcc', 73.36)])
2026-10-01 19:02:31,579 - flashvtg_dq_cgp_v3_gmr.train - INFO - GMR Metrics - TPR: 93.98, TNR: 52.75, BalancedAcc: 73.36
2026-10-01 19:02:31,849 - flashvtg_dq_cgp_v3_gmr.train - INFO - The checkpoint file has been updated.
2026-10-01 19:02:32,096 - flashvtg_dq_cgp_v3_gmr.train - INFO - [Epoch 20]
2026-10-01 19:04:24,255 - flashvtg_dq_cgp_v3_gmr.train - INFO - 2026_10_01_19_04_24 [Epoch] 020 [Loss] loss_reg 0.2586 loss_cls 0.0259 loss_dq_cgp_bind 0.0858 loss_dq_cgp_route 0.0748 loss_dq_cgp_relation 0.0288 loss_dq_cgp_smooth 0.0089 loss_dq_cgp_level_js 0.5515 loss_dq_cgp_adjacent_js 0.0089 loss_dq_cgp_point_correction_ratio 0.9780 loss_dq_cgp_point_effect_js 0.0348 loss_dq_cgp_level_query_js 0.1493 loss_dq_cgp_route_load_balance 0.0556 loss_dq_cgp_route_entropy_target 0.0192 loss_dq_cgp_route_level_balance 0.0000 loss_dq_cgp_route_entropy 1.3863 loss_dq_cgp_usage_entropy 2.7170 loss_dq_cgp_effective_basis_count 15.1421 loss_dq_cgp_level_active_basis_count 4.0000 loss_dq_cgp_point_active_basis_count 4.0000 loss_dq_cgp_basis_usage_00 0.0633 loss_dq_cgp_basis_usage_01 0.0609 loss_dq_cgp_basis_usage_02 0.0634 loss_dq_cgp_basis_usage_03 0.0635 loss_dq_cgp_basis_usage_04 0.0604 loss_dq_cgp_basis_usage_05 0.0621 loss_dq_cgp_basis_usage_06 0.0637 loss_dq_cgp_basis_usage_07 0.0629 loss_dq_cgp_basis_usage_08 0.0617 loss_dq_cgp_basis_usage_09 0.0636 loss_dq_cgp_basis_usage_10 0.0613 loss_dq_cgp_basis_usage_11 0.0630 loss_dq_cgp_basis_usage_12 0.0637 loss_dq_cgp_basis_usage_13 0.0612 loss_dq_cgp_basis_usage_14 0.0636 loss_dq_cgp_basis_usage_15 0.0617 loss_dq_cgp_relation_route_js 0.0478 loss_dq_cgp_relation_attention_js 0.5045 loss_exist 0.2293 weighted_loss_overall 0.6232

2026-10-01 19:04:48,612 - flashvtg_dq_cgp_v3_gmr.train - INFO - metrics_no_nms OrderedDict([   ('MR-full-R1@0.3', 64.39),
                ('MR-full-R1@0.5', 55.29),
                ('MR-full-R1@0.7', 37.48),
                ('MR-full-mAP', 39.76),
                ('MR-full-mAP@0.5', 65.52),
                ('MR-full-mAP@0.75', 41.01),
                ('MR-full-mIoU', 47.3),
                ('GMR-TPR', 94.11),
                ('GMR-TNR', 54.51),
                ('GMR-BalancedAcc', 74.31)])
2026-10-01 19:04:48,613 - flashvtg_dq_cgp_v3_gmr.train - INFO - GMR Metrics - TPR: 94.11, TNR: 54.51, BalancedAcc: 74.31
2026-10-01 19:04:49,193 - flashvtg_dq_cgp_v3_gmr.train - INFO - The checkpoint file has been updated.
2026-10-01 19:04:49,564 - flashvtg_dq_cgp_v3_gmr.train - INFO - [Epoch 21]
2026-10-01 19:06:41,512 - flashvtg_dq_cgp_v3_gmr.train - INFO - 2026_10_01_19_06_41 [Epoch] 021 [Loss] loss_reg 0.2559 loss_cls 0.0257 loss_dq_cgp_bind 0.0856 loss_dq_cgp_route 0.0751 loss_dq_cgp_relation 0.0281 loss_dq_cgp_smooth 0.0089 loss_dq_cgp_level_js 0.5520 loss_dq_cgp_adjacent_js 0.0089 loss_dq_cgp_point_correction_ratio 0.9785 loss_dq_cgp_point_effect_js 0.0349 loss_dq_cgp_level_query_js 0.1498 loss_dq_cgp_route_load_balance 0.0559 loss_dq_cgp_route_entropy_target 0.0192 loss_dq_cgp_route_level_balance 0.0000 loss_dq_cgp_route_entropy 1.3863 loss_dq_cgp_usage_entropy 2.7167 loss_dq_cgp_effective_basis_count 15.1373 loss_dq_cgp_level_active_basis_count 4.0000 loss_dq_cgp_point_active_basis_count 4.0000 loss_dq_cgp_basis_usage_00 0.0637 loss_dq_cgp_basis_usage_01 0.0588 loss_dq_cgp_basis_usage_02 0.0645 loss_dq_cgp_basis_usage_03 0.0645 loss_dq_cgp_basis_usage_04 0.0612 loss_dq_cgp_basis_usage_05 0.0616 loss_dq_cgp_basis_usage_06 0.0647 loss_dq_cgp_basis_usage_07 0.0621 loss_dq_cgp_basis_usage_08 0.0611 loss_dq_cgp_basis_usage_09 0.0637 loss_dq_cgp_basis_usage_10 0.0618 loss_dq_cgp_basis_usage_11 0.0632 loss_dq_cgp_basis_usage_12 0.0646 loss_dq_cgp_basis_usage_13 0.0604 loss_dq_cgp_basis_usage_14 0.0638 loss_dq_cgp_basis_usage_15 0.0603 loss_dq_cgp_relation_route_js 0.0476 loss_dq_cgp_relation_attention_js 0.5012 loss_exist 0.2209 weighted_loss_overall 0.6109

2026-10-01 19:07:06,183 - flashvtg_dq_cgp_v3_gmr.train - INFO - metrics_no_nms OrderedDict([   ('MR-full-R1@0.3', 65.86),
                ('MR-full-R1@0.5', 55.02),
                ('MR-full-R1@0.7', 37.08),
                ('MR-full-mAP', 40.38),
                ('MR-full-mAP@0.5', 65.22),
                ('MR-full-mAP@0.75', 40.75),
                ('MR-full-mIoU', 47.92),
                ('GMR-TPR', 91.7),
                ('GMR-TNR', 58.63),
                ('GMR-BalancedAcc', 75.16)])
2026-10-01 19:07:06,183 - flashvtg_dq_cgp_v3_gmr.train - INFO - GMR Metrics - TPR: 91.70, TNR: 58.63, BalancedAcc: 75.16
2026-10-01 19:07:06,891 - flashvtg_dq_cgp_v3_gmr.train - INFO - [Epoch 22]
2026-10-01 19:08:58,861 - flashvtg_dq_cgp_v3_gmr.train - INFO - 2026_10_01_19_08_58 [Epoch] 022 [Loss] loss_reg 0.2531 loss_cls 0.0255 loss_dq_cgp_bind 0.0834 loss_dq_cgp_route 0.0752 loss_dq_cgp_relation 0.0284 loss_dq_cgp_smooth 0.0091 loss_dq_cgp_level_js 0.5502 loss_dq_cgp_adjacent_js 0.0091 loss_dq_cgp_point_correction_ratio 0.9767 loss_dq_cgp_point_effect_js 0.0348 loss_dq_cgp_level_query_js 0.1532 loss_dq_cgp_route_load_balance 0.0560 loss_dq_cgp_route_entropy_target 0.0192 loss_dq_cgp_route_level_balance 0.0000 loss_dq_cgp_route_entropy 1.3863 loss_dq_cgp_usage_entropy 2.7166 loss_dq_cgp_effective_basis_count 15.1350 loss_dq_cgp_level_active_basis_count 4.0000 loss_dq_cgp_point_active_basis_count 4.0000 loss_dq_cgp_basis_usage_00 0.0633 loss_dq_cgp_basis_usage_01 0.0622 loss_dq_cgp_basis_usage_02 0.0642 loss_dq_cgp_basis_usage_03 0.0643 loss_dq_cgp_basis_usage_04 0.0604 loss_dq_cgp_basis_usage_05 0.0613 loss_dq_cgp_basis_usage_06 0.0643 loss_dq_cgp_basis_usage_07 0.0618 loss_dq_cgp_basis_usage_08 0.0605 loss_dq_cgp_basis_usage_09 0.0638 loss_dq_cgp_basis_usage_10 0.0624 loss_dq_cgp_basis_usage_11 0.0629 loss_dq_cgp_basis_usage_12 0.0644 loss_dq_cgp_basis_usage_13 0.0598 loss_dq_cgp_basis_usage_14 0.0640 loss_dq_cgp_basis_usage_15 0.0605 loss_dq_cgp_relation_route_js 0.0472 loss_dq_cgp_relation_attention_js 0.4971 loss_exist 0.2154 weighted_loss_overall 0.6015

2026-10-01 19:09:23,346 - flashvtg_dq_cgp_v3_gmr.train - INFO - metrics_no_nms OrderedDict([   ('MR-full-R1@0.3', 68.01),
                ('MR-full-R1@0.5', 56.63),
                ('MR-full-R1@0.7', 35.74),
                ('MR-full-mAP', 39.59),
                ('MR-full-mAP@0.5', 66.53),
                ('MR-full-mAP@0.75', 40.34),
                ('MR-full-mIoU', 47.96),
                ('GMR-TPR', 93.71),
                ('GMR-TNR', 49.02),
                ('GMR-BalancedAcc', 71.36)])
2026-10-01 19:09:23,346 - flashvtg_dq_cgp_v3_gmr.train - INFO - GMR Metrics - TPR: 93.71, TNR: 49.02, BalancedAcc: 71.36
2026-10-01 19:09:23,601 - flashvtg_dq_cgp_v3_gmr.train - INFO - [Epoch 23]
2026-10-01 19:11:15,864 - flashvtg_dq_cgp_v3_gmr.train - INFO - 2026_10_01_19_11_15 [Epoch] 023 [Loss] loss_reg 0.2485 loss_cls 0.0252 loss_dq_cgp_bind 0.0814 loss_dq_cgp_route 0.0751 loss_dq_cgp_relation 0.0282 loss_dq_cgp_smooth 0.0092 loss_dq_cgp_level_js 0.5529 loss_dq_cgp_adjacent_js 0.0092 loss_dq_cgp_point_correction_ratio 0.9754 loss_dq_cgp_point_effect_js 0.0347 loss_dq_cgp_level_query_js 0.1519 loss_dq_cgp_route_load_balance 0.0558 loss_dq_cgp_route_entropy_target 0.0192 loss_dq_cgp_route_level_balance 0.0000 loss_dq_cgp_route_entropy 1.3863 loss_dq_cgp_usage_entropy 2.7167 loss_dq_cgp_effective_basis_count 15.1377 loss_dq_cgp_level_active_basis_count 4.0000 loss_dq_cgp_point_active_basis_count 4.0000 loss_dq_cgp_basis_usage_00 0.0640 loss_dq_cgp_basis_usage_01 0.0594 loss_dq_cgp_basis_usage_02 0.0647 loss_dq_cgp_basis_usage_03 0.0647 loss_dq_cgp_basis_usage_04 0.0597 loss_dq_cgp_basis_usage_05 0.0614 loss_dq_cgp_basis_usage_06 0.0649 loss_dq_cgp_basis_usage_07 0.0607 loss_dq_cgp_basis_usage_08 0.0610 loss_dq_cgp_basis_usage_09 0.0645 loss_dq_cgp_basis_usage_10 0.0607 loss_dq_cgp_basis_usage_11 0.0640 loss_dq_cgp_basis_usage_12 0.0647 loss_dq_cgp_basis_usage_13 0.0598 loss_dq_cgp_basis_usage_14 0.0644 loss_dq_cgp_basis_usage_15 0.0613 loss_dq_cgp_relation_route_js 0.0468 loss_dq_cgp_relation_attention_js 0.4929 loss_exist 0.2113 weighted_loss_overall 0.5909

2026-10-01 19:11:40,124 - flashvtg_dq_cgp_v3_gmr.train - INFO - metrics_no_nms OrderedDict([   ('MR-full-R1@0.3', 67.47),
                ('MR-full-R1@0.5', 57.3),
                ('MR-full-R1@0.7', 39.22),
                ('MR-full-mAP', 41.15),
                ('MR-full-mAP@0.5', 67.62),
                ('MR-full-mAP@0.75', 41.34),
                ('MR-full-mIoU', 48.98),
                ('GMR-TPR', 91.3),
                ('GMR-TNR', 58.82),
                ('GMR-BalancedAcc', 75.06)])
2026-10-01 19:11:40,124 - flashvtg_dq_cgp_v3_gmr.train - INFO - GMR Metrics - TPR: 91.30, TNR: 58.82, BalancedAcc: 75.06
2026-10-01 19:11:40,624 - flashvtg_dq_cgp_v3_gmr.train - INFO - The checkpoint file has been updated.
2026-10-01 19:11:42,472 - flashvtg_dq_cgp_v3_gmr.train - INFO - [Epoch 24]
2026-10-01 19:13:34,864 - flashvtg_dq_cgp_v3_gmr.train - INFO - 2026_10_01_19_13_34 [Epoch] 024 [Loss] loss_reg 0.2443 loss_cls 0.0248 loss_dq_cgp_bind 0.0788 loss_dq_cgp_route 0.0754 loss_dq_cgp_relation 0.0287 loss_dq_cgp_smooth 0.0092 loss_dq_cgp_level_js 0.5516 loss_dq_cgp_adjacent_js 0.0092 loss_dq_cgp_point_correction_ratio 0.9734 loss_dq_cgp_point_effect_js 0.0347 loss_dq_cgp_level_query_js 0.1578 loss_dq_cgp_route_load_balance 0.0562 loss_dq_cgp_route_entropy_target 0.0192 loss_dq_cgp_route_level_balance 0.0000 loss_dq_cgp_route_entropy 1.3863 loss_dq_cgp_usage_entropy 2.7164 loss_dq_cgp_effective_basis_count 15.1339 loss_dq_cgp_level_active_basis_count 4.0000 loss_dq_cgp_point_active_basis_count 4.0000 loss_dq_cgp_basis_usage_00 0.0633 loss_dq_cgp_basis_usage_01 0.0609 loss_dq_cgp_basis_usage_02 0.0642 loss_dq_cgp_basis_usage_03 0.0641 loss_dq_cgp_basis_usage_04 0.0599 loss_dq_cgp_basis_usage_05 0.0621 loss_dq_cgp_basis_usage_06 0.0642 loss_dq_cgp_basis_usage_07 0.0624 loss_dq_cgp_basis_usage_08 0.0632 loss_dq_cgp_basis_usage_09 0.0639 loss_dq_cgp_basis_usage_10 0.0599 loss_dq_cgp_basis_usage_11 0.0635 loss_dq_cgp_basis_usage_12 0.0640 loss_dq_cgp_basis_usage_13 0.0600 loss_dq_cgp_basis_usage_14 0.0639 loss_dq_cgp_basis_usage_15 0.0607 loss_dq_cgp_relation_route_js 0.0462 loss_dq_cgp_relation_attention_js 0.4879 loss_exist 0.1959 weighted_loss_overall 0.5695

2026-10-01 19:13:59,274 - flashvtg_dq_cgp_v3_gmr.train - INFO - metrics_no_nms OrderedDict([   ('MR-full-R1@0.3', 64.93),
                ('MR-full-R1@0.5', 54.35),
                ('MR-full-R1@0.7', 38.29),
                ('MR-full-mAP', 40.76),
                ('MR-full-mAP@0.5', 65.71),
                ('MR-full-mAP@0.75', 40.83),
                ('MR-full-mIoU', 47.45),
                ('GMR-TPR', 92.37),
                ('GMR-TNR', 56.08),
                ('GMR-BalancedAcc', 74.22)])
2026-10-01 19:13:59,275 - flashvtg_dq_cgp_v3_gmr.train - INFO - GMR Metrics - TPR: 92.37, TNR: 56.08, BalancedAcc: 74.22
2026-10-01 19:13:59,548 - flashvtg_dq_cgp_v3_gmr.train - INFO - [Epoch 25]
2026-10-01 19:15:51,886 - flashvtg_dq_cgp_v3_gmr.train - INFO - 2026_10_01_19_15_51 [Epoch] 025 [Loss] loss_reg 0.2429 loss_cls 0.0244 loss_dq_cgp_bind 0.0762 loss_dq_cgp_route 0.0766 loss_dq_cgp_relation 0.0288 loss_dq_cgp_smooth 0.0092 loss_dq_cgp_level_js 0.5469 loss_dq_cgp_adjacent_js 0.0092 loss_dq_cgp_point_correction_ratio 0.9734 loss_dq_cgp_point_effect_js 0.0347 loss_dq_cgp_level_query_js 0.1630 loss_dq_cgp_route_load_balance 0.0574 loss_dq_cgp_route_entropy_target 0.0192 loss_dq_cgp_route_level_balance 0.0000 loss_dq_cgp_route_entropy 1.3863 loss_dq_cgp_usage_entropy 2.7152 loss_dq_cgp_effective_basis_count 15.1152 loss_dq_cgp_level_active_basis_count 4.0000 loss_dq_cgp_point_active_basis_count 4.0000 loss_dq_cgp_basis_usage_00 0.0641 loss_dq_cgp_basis_usage_01 0.0596 loss_dq_cgp_basis_usage_02 0.0661 loss_dq_cgp_basis_usage_03 0.0663 loss_dq_cgp_basis_usage_04 0.0601 loss_dq_cgp_basis_usage_05 0.0595 loss_dq_cgp_basis_usage_06 0.0665 loss_dq_cgp_basis_usage_07 0.0592 loss_dq_cgp_basis_usage_08 0.0610 loss_dq_cgp_basis_usage_09 0.0651 loss_dq_cgp_basis_usage_10 0.0591 loss_dq_cgp_basis_usage_11 0.0647 loss_dq_cgp_basis_usage_12 0.0661 loss_dq_cgp_basis_usage_13 0.0592 loss_dq_cgp_basis_usage_14 0.0643 loss_dq_cgp_basis_usage_15 0.0590 loss_dq_cgp_relation_route_js 0.0458 loss_dq_cgp_relation_attention_js 0.4833 loss_exist 0.1962 weighted_loss_overall 0.5660

2026-10-01 19:16:16,402 - flashvtg_dq_cgp_v3_gmr.train - INFO - metrics_no_nms OrderedDict([   ('MR-full-R1@0.3', 65.46),
                ('MR-full-R1@0.5', 56.36),
                ('MR-full-R1@0.7', 38.42),
                ('MR-full-mAP', 40.85),
                ('MR-full-mAP@0.5', 65.99),
                ('MR-full-mAP@0.75', 40.69),
                ('MR-full-mIoU', 48.42),
                ('GMR-TPR', 90.9),
                ('GMR-TNR', 59.02),
                ('GMR-BalancedAcc', 74.96)])
2026-10-01 19:16:16,403 - flashvtg_dq_cgp_v3_gmr.train - INFO - GMR Metrics - TPR: 90.90, TNR: 59.02, BalancedAcc: 74.96
2026-10-01 19:16:16,821 - flashvtg_dq_cgp_v3_gmr.train - INFO - [Epoch 26]
2026-10-01 19:18:08,579 - flashvtg_dq_cgp_v3_gmr.train - INFO - 2026_10_01_19_18_08 [Epoch] 026 [Loss] loss_reg 0.2405 loss_cls 0.0244 loss_dq_cgp_bind 0.0806 loss_dq_cgp_route 0.0756 loss_dq_cgp_relation 0.0288 loss_dq_cgp_smooth 0.0092 loss_dq_cgp_level_js 0.5496 loss_dq_cgp_adjacent_js 0.0092 loss_dq_cgp_point_correction_ratio 0.9738 loss_dq_cgp_point_effect_js 0.0347 loss_dq_cgp_level_query_js 0.1628 loss_dq_cgp_route_load_balance 0.0563 loss_dq_cgp_route_entropy_target 0.0192 loss_dq_cgp_route_level_balance 0.0000 loss_dq_cgp_route_entropy 1.3863 loss_dq_cgp_usage_entropy 2.7162 loss_dq_cgp_effective_basis_count 15.1303 loss_dq_cgp_level_active_basis_count 4.0000 loss_dq_cgp_point_active_basis_count 4.0000 loss_dq_cgp_basis_usage_00 0.0647 loss_dq_cgp_basis_usage_01 0.0597 loss_dq_cgp_basis_usage_02 0.0654 loss_dq_cgp_basis_usage_03 0.0650 loss_dq_cgp_basis_usage_04 0.0609 loss_dq_cgp_basis_usage_05 0.0604 loss_dq_cgp_basis_usage_06 0.0652 loss_dq_cgp_basis_usage_07 0.0607 loss_dq_cgp_basis_usage_08 0.0596 loss_dq_cgp_basis_usage_09 0.0647 loss_dq_cgp_basis_usage_10 0.0586 loss_dq_cgp_basis_usage_11 0.0640 loss_dq_cgp_basis_usage_12 0.0653 loss_dq_cgp_basis_usage_13 0.0607 loss_dq_cgp_basis_usage_14 0.0645 loss_dq_cgp_basis_usage_15 0.0606 loss_dq_cgp_relation_route_js 0.0447 loss_dq_cgp_relation_attention_js 0.4722 loss_exist 0.1841 weighted_loss_overall 0.5517

2026-10-01 19:18:33,090 - flashvtg_dq_cgp_v3_gmr.train - INFO - metrics_no_nms OrderedDict([   ('MR-full-R1@0.3', 65.73),
                ('MR-full-R1@0.5', 55.82),
                ('MR-full-R1@0.7', 37.35),
                ('MR-full-mAP', 39.93),
                ('MR-full-mAP@0.5', 66.03),
                ('MR-full-mAP@0.75', 39.49),
                ('MR-full-mIoU', 47.75),
                ('GMR-TPR', 90.36),
                ('GMR-TNR', 62.55),
                ('GMR-BalancedAcc', 76.46)])
2026-10-01 19:18:33,091 - flashvtg_dq_cgp_v3_gmr.train - INFO - GMR Metrics - TPR: 90.36, TNR: 62.55, BalancedAcc: 76.46
2026-10-01 19:18:33,431 - flashvtg_dq_cgp_v3_gmr.train - INFO - [Epoch 27]
2026-10-01 19:20:26,146 - flashvtg_dq_cgp_v3_gmr.train - INFO - 2026_10_01_19_20_26 [Epoch] 027 [Loss] loss_reg 0.2361 loss_cls 0.0239 loss_dq_cgp_bind 0.0734 loss_dq_cgp_route 0.0774 loss_dq_cgp_relation 0.0289 loss_dq_cgp_smooth 0.0092 loss_dq_cgp_level_js 0.5473 loss_dq_cgp_adjacent_js 0.0092 loss_dq_cgp_point_correction_ratio 0.9734 loss_dq_cgp_point_effect_js 0.0346 loss_dq_cgp_level_query_js 0.1654 loss_dq_cgp_route_load_balance 0.0582 loss_dq_cgp_route_entropy_target 0.0192 loss_dq_cgp_route_level_balance 0.0000 loss_dq_cgp_route_entropy 1.3863 loss_dq_cgp_usage_entropy 2.7144 loss_dq_cgp_effective_basis_count 15.1045 loss_dq_cgp_level_active_basis_count 4.0000 loss_dq_cgp_point_active_basis_count 4.0000 loss_dq_cgp_basis_usage_00 0.0630 loss_dq_cgp_basis_usage_01 0.0616 loss_dq_cgp_basis_usage_02 0.0648 loss_dq_cgp_basis_usage_03 0.0649 loss_dq_cgp_basis_usage_04 0.0600 loss_dq_cgp_basis_usage_05 0.0612 loss_dq_cgp_basis_usage_06 0.0652 loss_dq_cgp_basis_usage_07 0.0608 loss_dq_cgp_basis_usage_08 0.0598 loss_dq_cgp_basis_usage_09 0.0643 loss_dq_cgp_basis_usage_10 0.0609 loss_dq_cgp_basis_usage_11 0.0638 loss_dq_cgp_basis_usage_12 0.0651 loss_dq_cgp_basis_usage_13 0.0605 loss_dq_cgp_basis_usage_14 0.0629 loss_dq_cgp_basis_usage_15 0.0613 loss_dq_cgp_relation_route_js 0.0446 loss_dq_cgp_relation_attention_js 0.4715 loss_exist 0.1807 weighted_loss_overall 0.5413

2026-10-01 19:20:50,574 - flashvtg_dq_cgp_v3_gmr.train - INFO - metrics_no_nms OrderedDict([   ('MR-full-R1@0.3', 67.6),
                ('MR-full-R1@0.5', 57.03),
                ('MR-full-R1@0.7', 37.88),
                ('MR-full-mAP', 40.27),
                ('MR-full-mAP@0.5', 66.95),
                ('MR-full-mAP@0.75', 40.4),
                ('MR-full-mIoU', 48.83),
                ('GMR-TPR', 93.04),
                ('GMR-TNR', 50.2),
                ('GMR-BalancedAcc', 71.62)])
2026-10-01 19:20:50,574 - flashvtg_dq_cgp_v3_gmr.train - INFO - GMR Metrics - TPR: 93.04, TNR: 50.20, BalancedAcc: 71.62
2026-10-01 19:20:50,894 - flashvtg_dq_cgp_v3_gmr.train - INFO - [Epoch 28]
2026-10-01 19:22:43,067 - flashvtg_dq_cgp_v3_gmr.train - INFO - 2026_10_01_19_22_43 [Epoch] 028 [Loss] loss_reg 0.2333 loss_cls 0.0236 loss_dq_cgp_bind 0.0702 loss_dq_cgp_route 0.0767 loss_dq_cgp_relation 0.0290 loss_dq_cgp_smooth 0.0092 loss_dq_cgp_level_js 0.5504 loss_dq_cgp_adjacent_js 0.0092 loss_dq_cgp_point_correction_ratio 0.9742 loss_dq_cgp_point_effect_js 0.0346 loss_dq_cgp_level_query_js 0.1662 loss_dq_cgp_route_load_balance 0.0574 loss_dq_cgp_route_entropy_target 0.0192 loss_dq_cgp_route_level_balance 0.0000 loss_dq_cgp_route_entropy 1.3863 loss_dq_cgp_usage_entropy 2.7151 loss_dq_cgp_effective_basis_count 15.1144 loss_dq_cgp_level_active_basis_count 4.0000 loss_dq_cgp_point_active_basis_count 4.0000 loss_dq_cgp_basis_usage_00 0.0637 loss_dq_cgp_basis_usage_01 0.0617 loss_dq_cgp_basis_usage_02 0.0649 loss_dq_cgp_basis_usage_03 0.0654 loss_dq_cgp_basis_usage_04 0.0608 loss_dq_cgp_basis_usage_05 0.0605 loss_dq_cgp_basis_usage_06 0.0654 loss_dq_cgp_basis_usage_07 0.0611 loss_dq_cgp_basis_usage_08 0.0589 loss_dq_cgp_basis_usage_09 0.0635 loss_dq_cgp_basis_usage_10 0.0610 loss_dq_cgp_basis_usage_11 0.0639 loss_dq_cgp_basis_usage_12 0.0654 loss_dq_cgp_basis_usage_13 0.0610 loss_dq_cgp_basis_usage_14 0.0633 loss_dq_cgp_basis_usage_15 0.0595 loss_dq_cgp_relation_route_js 0.0438 loss_dq_cgp_relation_attention_js 0.4637 loss_exist 0.1709 weighted_loss_overall 0.5269

2026-10-01 19:23:07,466 - flashvtg_dq_cgp_v3_gmr.train - INFO - metrics_no_nms OrderedDict([   ('MR-full-R1@0.3', 66.8),
                ('MR-full-R1@0.5', 57.16),
                ('MR-full-R1@0.7', 38.96),
                ('MR-full-mAP', 40.43),
                ('MR-full-mAP@0.5', 67.01),
                ('MR-full-mAP@0.75', 41.04),
                ('MR-full-mIoU', 48.58),
                ('GMR-TPR', 91.3),
                ('GMR-TNR', 57.65),
                ('GMR-BalancedAcc', 74.47)])
2026-10-01 19:23:07,466 - flashvtg_dq_cgp_v3_gmr.train - INFO - GMR Metrics - TPR: 91.30, TNR: 57.65, BalancedAcc: 74.47
2026-10-01 19:23:07,788 - flashvtg_dq_cgp_v3_gmr.train - INFO - [Epoch 29]
2026-10-01 19:24:59,563 - flashvtg_dq_cgp_v3_gmr.train - INFO - 2026_10_01_19_24_59 [Epoch] 029 [Loss] loss_reg 0.2295 loss_cls 0.0234 loss_dq_cgp_bind 0.0695 loss_dq_cgp_route 0.0723 loss_dq_cgp_relation 0.0296 loss_dq_cgp_smooth 0.0091 loss_dq_cgp_level_js 0.5561 loss_dq_cgp_adjacent_js 0.0091 loss_dq_cgp_point_correction_ratio 0.9743 loss_dq_cgp_point_effect_js 0.0346 loss_dq_cgp_level_query_js 0.1636 loss_dq_cgp_route_load_balance 0.0531 loss_dq_cgp_route_entropy_target 0.0192 loss_dq_cgp_route_level_balance 0.0000 loss_dq_cgp_route_entropy 1.3863 loss_dq_cgp_usage_entropy 2.7195 loss_dq_cgp_effective_basis_count 15.1796 loss_dq_cgp_level_active_basis_count 4.0000 loss_dq_cgp_point_active_basis_count 4.0000 loss_dq_cgp_basis_usage_00 0.0631 loss_dq_cgp_basis_usage_01 0.0618 loss_dq_cgp_basis_usage_02 0.0651 loss_dq_cgp_basis_usage_03 0.0652 loss_dq_cgp_basis_usage_04 0.0615 loss_dq_cgp_basis_usage_05 0.0612 loss_dq_cgp_basis_usage_06 0.0653 loss_dq_cgp_basis_usage_07 0.0603 loss_dq_cgp_basis_usage_08 0.0583 loss_dq_cgp_basis_usage_09 0.0627 loss_dq_cgp_basis_usage_10 0.0613 loss_dq_cgp_basis_usage_11 0.0624 loss_dq_cgp_basis_usage_12 0.0655 loss_dq_cgp_basis_usage_13 0.0624 loss_dq_cgp_basis_usage_14 0.0631 loss_dq_cgp_basis_usage_15 0.0607 loss_dq_cgp_relation_route_js 0.0433 loss_dq_cgp_relation_attention_js 0.4597 loss_exist 0.1632 weighted_loss_overall 0.5144

2026-10-01 19:25:24,078 - flashvtg_dq_cgp_v3_gmr.train - INFO - metrics_no_nms OrderedDict([   ('MR-full-R1@0.3', 66.27),
                ('MR-full-R1@0.5', 55.42),
                ('MR-full-R1@0.7', 36.95),
                ('MR-full-mAP', 39.79),
                ('MR-full-mAP@0.5', 65.59),
                ('MR-full-mAP@0.75', 40.6),
                ('MR-full-mIoU', 47.92),
                ('GMR-TPR', 85.54),
                ('GMR-TNR', 67.45),
                ('GMR-BalancedAcc', 76.5)])
2026-10-01 19:25:24,079 - flashvtg_dq_cgp_v3_gmr.train - INFO - GMR Metrics - TPR: 85.54, TNR: 67.45, BalancedAcc: 76.50
2026-10-01 19:25:24,346 - flashvtg_dq_cgp_v3_gmr.train - INFO - [Epoch 30]
2026-10-01 19:27:17,788 - flashvtg_dq_cgp_v3_gmr.train - INFO - 2026_10_01_19_27_17 [Epoch] 030 [Loss] loss_reg 0.2257 loss_cls 0.0230 loss_dq_cgp_bind 0.0707 loss_dq_cgp_route 0.0734 loss_dq_cgp_relation 0.0301 loss_dq_cgp_smooth 0.0090 loss_dq_cgp_level_js 0.5545 loss_dq_cgp_adjacent_js 0.0090 loss_dq_cgp_point_correction_ratio 0.9737 loss_dq_cgp_point_effect_js 0.0346 loss_dq_cgp_level_query_js 0.1652 loss_dq_cgp_route_load_balance 0.0542 loss_dq_cgp_route_entropy_target 0.0192 loss_dq_cgp_route_level_balance 0.0000 loss_dq_cgp_route_entropy 1.3863 loss_dq_cgp_usage_entropy 2.7184 loss_dq_cgp_effective_basis_count 15.1623 loss_dq_cgp_level_active_basis_count 4.0000 loss_dq_cgp_point_active_basis_count 4.0000 loss_dq_cgp_basis_usage_00 0.0635 loss_dq_cgp_basis_usage_01 0.0608 loss_dq_cgp_basis_usage_02 0.0645 loss_dq_cgp_basis_usage_03 0.0645 loss_dq_cgp_basis_usage_04 0.0613 loss_dq_cgp_basis_usage_05 0.0612 loss_dq_cgp_basis_usage_06 0.0645 loss_dq_cgp_basis_usage_07 0.0613 loss_dq_cgp_basis_usage_08 0.0601 loss_dq_cgp_basis_usage_09 0.0641 loss_dq_cgp_basis_usage_10 0.0604 loss_dq_cgp_basis_usage_11 0.0636 loss_dq_cgp_basis_usage_12 0.0646 loss_dq_cgp_basis_usage_13 0.0619 loss_dq_cgp_basis_usage_14 0.0635 loss_dq_cgp_basis_usage_15 0.0602 loss_dq_cgp_relation_route_js 0.0429 loss_dq_cgp_relation_attention_js 0.4568 loss_exist 0.1574 weighted_loss_overall 0.5029

2026-10-01 19:27:42,642 - flashvtg_dq_cgp_v3_gmr.train - INFO - metrics_no_nms OrderedDict([   ('MR-full-R1@0.3', 66.27),
                ('MR-full-R1@0.5', 56.49),
                ('MR-full-R1@0.7', 36.28),
                ('MR-full-mAP', 39.92),
                ('MR-full-mAP@0.5', 66.55),
                ('MR-full-mAP@0.75', 41.03),
                ('MR-full-mIoU', 47.91),
                ('GMR-TPR', 88.22),
                ('GMR-TNR', 64.31),
                ('GMR-BalancedAcc', 76.27)])
2026-10-01 19:27:42,643 - flashvtg_dq_cgp_v3_gmr.train - INFO - GMR Metrics - TPR: 88.22, TNR: 64.31, BalancedAcc: 76.27
2026-10-01 19:27:43,504 - flashvtg_dq_cgp_v3_gmr.train - INFO - [Epoch 31]
2026-10-01 19:29:37,628 - flashvtg_dq_cgp_v3_gmr.train - INFO - 2026_10_01_19_29_37 [Epoch] 031 [Loss] loss_reg 0.2240 loss_cls 0.0229 loss_dq_cgp_bind 0.0683 loss_dq_cgp_route 0.0734 loss_dq_cgp_relation 0.0297 loss_dq_cgp_smooth 0.0091 loss_dq_cgp_level_js 0.5582 loss_dq_cgp_adjacent_js 0.0091 loss_dq_cgp_point_correction_ratio 0.9737 loss_dq_cgp_point_effect_js 0.0346 loss_dq_cgp_level_query_js 0.1616 loss_dq_cgp_route_load_balance 0.0542 loss_dq_cgp_route_entropy_target 0.0192 loss_dq_cgp_route_level_balance 0.0000 loss_dq_cgp_route_entropy 1.3863 loss_dq_cgp_usage_entropy 2.7184 loss_dq_cgp_effective_basis_count 15.1622 loss_dq_cgp_level_active_basis_count 4.0000 loss_dq_cgp_point_active_basis_count 4.0000 loss_dq_cgp_basis_usage_00 0.0637 loss_dq_cgp_basis_usage_01 0.0595 loss_dq_cgp_basis_usage_02 0.0644 loss_dq_cgp_basis_usage_03 0.0646 loss_dq_cgp_basis_usage_04 0.0612 loss_dq_cgp_basis_usage_05 0.0623 loss_dq_cgp_basis_usage_06 0.0647 loss_dq_cgp_basis_usage_07 0.0606 loss_dq_cgp_basis_usage_08 0.0599 loss_dq_cgp_basis_usage_09 0.0642 loss_dq_cgp_basis_usage_10 0.0606 loss_dq_cgp_basis_usage_11 0.0629 loss_dq_cgp_basis_usage_12 0.0648 loss_dq_cgp_basis_usage_13 0.0621 loss_dq_cgp_basis_usage_14 0.0643 loss_dq_cgp_basis_usage_15 0.0604 loss_dq_cgp_relation_route_js 0.0423 loss_dq_cgp_relation_attention_js 0.4496 loss_exist 0.1522 weighted_loss_overall 0.4955

2026-10-01 19:30:02,383 - flashvtg_dq_cgp_v3_gmr.train - INFO - metrics_no_nms OrderedDict([   ('MR-full-R1@0.3', 66.13),
                ('MR-full-R1@0.5', 55.96),
                ('MR-full-R1@0.7', 37.08),
                ('MR-full-mAP', 40.5),
                ('MR-full-mAP@0.5', 65.28),
                ('MR-full-mAP@0.75', 40.89),
                ('MR-full-mIoU', 48.36),
                ('GMR-TPR', 89.69),
                ('GMR-TNR', 60.78),
                ('GMR-BalancedAcc', 75.24)])
2026-10-01 19:30:02,384 - flashvtg_dq_cgp_v3_gmr.train - INFO - GMR Metrics - TPR: 89.69, TNR: 60.78, BalancedAcc: 75.24
2026-10-01 19:30:02,640 - flashvtg_dq_cgp_v3_gmr.train - INFO - [Epoch 32]
2026-10-01 19:31:54,671 - flashvtg_dq_cgp_v3_gmr.train - INFO - 2026_10_01_19_31_54 [Epoch] 032 [Loss] loss_reg 0.2235 loss_cls 0.0226 loss_dq_cgp_bind 0.0682 loss_dq_cgp_route 0.0677 loss_dq_cgp_relation 0.0284 loss_dq_cgp_smooth 0.0090 loss_dq_cgp_level_js 0.5694 loss_dq_cgp_adjacent_js 0.0090 loss_dq_cgp_point_correction_ratio 0.9752 loss_dq_cgp_point_effect_js 0.0347 loss_dq_cgp_level_query_js 0.1539 loss_dq_cgp_route_load_balance 0.0485 loss_dq_cgp_route_entropy_target 0.0192 loss_dq_cgp_route_level_balance 0.0000 loss_dq_cgp_route_entropy 1.3863 loss_dq_cgp_usage_entropy 2.7241 loss_dq_cgp_effective_basis_count 15.2490 loss_dq_cgp_level_active_basis_count 4.0000 loss_dq_cgp_point_active_basis_count 4.0000 loss_dq_cgp_basis_usage_00 0.0618 loss_dq_cgp_basis_usage_01 0.0619 loss_dq_cgp_basis_usage_02 0.0635 loss_dq_cgp_basis_usage_03 0.0630 loss_dq_cgp_basis_usage_04 0.0623 loss_dq_cgp_basis_usage_05 0.0624 loss_dq_cgp_basis_usage_06 0.0635 loss_dq_cgp_basis_usage_07 0.0635 loss_dq_cgp_basis_usage_08 0.0609 loss_dq_cgp_basis_usage_09 0.0629 loss_dq_cgp_basis_usage_10 0.0614 loss_dq_cgp_basis_usage_11 0.0620 loss_dq_cgp_basis_usage_12 0.0636 loss_dq_cgp_basis_usage_13 0.0624 loss_dq_cgp_basis_usage_14 0.0630 loss_dq_cgp_basis_usage_15 0.0618 loss_dq_cgp_relation_route_js 0.0416 loss_dq_cgp_relation_attention_js 0.4411 loss_exist 0.1554 weighted_loss_overall 0.4965

2026-10-01 19:32:19,346 - flashvtg_dq_cgp_v3_gmr.train - INFO - metrics_no_nms OrderedDict([   ('MR-full-R1@0.3', 68.14),
                ('MR-full-R1@0.5', 57.3),
                ('MR-full-R1@0.7', 37.88),
                ('MR-full-mAP', 40.85),
                ('MR-full-mAP@0.5', 67.22),
                ('MR-full-mAP@0.75', 40.24),
                ('MR-full-mIoU', 49.18),
                ('GMR-TPR', 92.9),
                ('GMR-TNR', 56.27),
                ('GMR-BalancedAcc', 74.59)])
2026-10-01 19:32:19,346 - flashvtg_dq_cgp_v3_gmr.train - INFO - GMR Metrics - TPR: 92.90, TNR: 56.27, BalancedAcc: 74.59
2026-10-01 19:32:19,602 - flashvtg_dq_cgp_v3_gmr.train - INFO - [Epoch 33]
2026-10-01 19:34:11,891 - flashvtg_dq_cgp_v3_gmr.train - INFO - 2026_10_01_19_34_11 [Epoch] 033 [Loss] loss_reg 0.2193 loss_cls 0.0222 loss_dq_cgp_bind 0.0633 loss_dq_cgp_route 0.0674 loss_dq_cgp_relation 0.0264 loss_dq_cgp_smooth 0.0092 loss_dq_cgp_level_js 0.5716 loss_dq_cgp_adjacent_js 0.0092 loss_dq_cgp_point_correction_ratio 0.9767 loss_dq_cgp_point_effect_js 0.0349 loss_dq_cgp_level_query_js 0.1504 loss_dq_cgp_route_load_balance 0.0482 loss_dq_cgp_route_entropy_target 0.0192 loss_dq_cgp_route_level_balance 0.0000 loss_dq_cgp_route_entropy 1.3863 loss_dq_cgp_usage_entropy 2.7244 loss_dq_cgp_effective_basis_count 15.2530 loss_dq_cgp_level_active_basis_count 4.0000 loss_dq_cgp_point_active_basis_count 4.0000 loss_dq_cgp_basis_usage_00 0.0629 loss_dq_cgp_basis_usage_01 0.0604 loss_dq_cgp_basis_usage_02 0.0642 loss_dq_cgp_basis_usage_03 0.0642 loss_dq_cgp_basis_usage_04 0.0628 loss_dq_cgp_basis_usage_05 0.0593 loss_dq_cgp_basis_usage_06 0.0645 loss_dq_cgp_basis_usage_07 0.0603 loss_dq_cgp_basis_usage_08 0.0600 loss_dq_cgp_basis_usage_09 0.0637 loss_dq_cgp_basis_usage_10 0.0627 loss_dq_cgp_basis_usage_11 0.0638 loss_dq_cgp_basis_usage_12 0.0641 loss_dq_cgp_basis_usage_13 0.0628 loss_dq_cgp_basis_usage_14 0.0633 loss_dq_cgp_basis_usage_15 0.0608 loss_dq_cgp_relation_route_js 0.0413 loss_dq_cgp_relation_attention_js 0.4367 loss_exist 0.1408 weighted_loss_overall 0.4755

2026-10-01 19:34:36,415 - flashvtg_dq_cgp_v3_gmr.train - INFO - metrics_no_nms OrderedDict([   ('MR-full-R1@0.3', 65.46),
                ('MR-full-R1@0.5', 57.43),
                ('MR-full-R1@0.7', 39.49),
                ('MR-full-mAP', 40.66),
                ('MR-full-mAP@0.5', 67.06),
                ('MR-full-mAP@0.75', 39.8),
                ('MR-full-mIoU', 48.18),
                ('GMR-TPR', 87.42),
                ('GMR-TNR', 59.8),
                ('GMR-BalancedAcc', 73.61)])
2026-10-01 19:34:36,416 - flashvtg_dq_cgp_v3_gmr.train - INFO - GMR Metrics - TPR: 87.42, TNR: 59.80, BalancedAcc: 73.61
2026-10-01 19:34:36,813 - flashvtg_dq_cgp_v3_gmr.train - INFO - The checkpoint file has been updated.
2026-10-01 19:34:37,070 - flashvtg_dq_cgp_v3_gmr.train - INFO - [Epoch 34]
2026-10-01 19:36:29,225 - flashvtg_dq_cgp_v3_gmr.train - INFO - 2026_10_01_19_36_29 [Epoch] 034 [Loss] loss_reg 0.2162 loss_cls 0.0218 loss_dq_cgp_bind 0.0651 loss_dq_cgp_route 0.0653 loss_dq_cgp_relation 0.0263 loss_dq_cgp_smooth 0.0092 loss_dq_cgp_level_js 0.5731 loss_dq_cgp_adjacent_js 0.0092 loss_dq_cgp_point_correction_ratio 0.9766 loss_dq_cgp_point_effect_js 0.0349 loss_dq_cgp_level_query_js 0.1509 loss_dq_cgp_route_load_balance 0.0460 loss_dq_cgp_route_entropy_target 0.0192 loss_dq_cgp_route_level_balance 0.0000 loss_dq_cgp_route_entropy 1.3863 loss_dq_cgp_usage_entropy 2.7265 loss_dq_cgp_effective_basis_count 15.2855 loss_dq_cgp_level_active_basis_count 4.0000 loss_dq_cgp_point_active_basis_count 4.0000 loss_dq_cgp_basis_usage_00 0.0637 loss_dq_cgp_basis_usage_01 0.0606 loss_dq_cgp_basis_usage_02 0.0627 loss_dq_cgp_basis_usage_03 0.0627 loss_dq_cgp_basis_usage_04 0.0621 loss_dq_cgp_basis_usage_05 0.0610 loss_dq_cgp_basis_usage_06 0.0629 loss_dq_cgp_basis_usage_07 0.0626 loss_dq_cgp_basis_usage_08 0.0618 loss_dq_cgp_basis_usage_09 0.0642 loss_dq_cgp_basis_usage_10 0.0621 loss_dq_cgp_basis_usage_11 0.0630 loss_dq_cgp_basis_usage_12 0.0627 loss_dq_cgp_basis_usage_13 0.0627 loss_dq_cgp_basis_usage_14 0.0638 loss_dq_cgp_basis_usage_15 0.0613 loss_dq_cgp_relation_route_js 0.0409 loss_dq_cgp_relation_attention_js 0.4330 loss_exist 0.1291 weighted_loss_overall 0.4589

2026-10-01 19:36:53,265 - flashvtg_dq_cgp_v3_gmr.train - INFO - metrics_no_nms OrderedDict([   ('MR-full-R1@0.3', 67.87),
                ('MR-full-R1@0.5', 57.43),
                ('MR-full-R1@0.7', 37.75),
                ('MR-full-mAP', 40.67),
                ('MR-full-mAP@0.5', 66.9),
                ('MR-full-mAP@0.75', 40.27),
                ('MR-full-mIoU', 48.99),
                ('GMR-TPR', 91.3),
                ('GMR-TNR', 58.04),
                ('GMR-BalancedAcc', 74.67)])
2026-10-01 19:36:53,266 - flashvtg_dq_cgp_v3_gmr.train - INFO - GMR Metrics - TPR: 91.30, TNR: 58.04, BalancedAcc: 74.67
2026-10-01 19:36:53,523 - flashvtg_dq_cgp_v3_gmr.train - INFO - [Epoch 35]
2026-10-01 19:38:45,825 - flashvtg_dq_cgp_v3_gmr.train - INFO - 2026_10_01_19_38_45 [Epoch] 035 [Loss] loss_reg 0.2130 loss_cls 0.0216 loss_dq_cgp_bind 0.0631 loss_dq_cgp_route 0.0675 loss_dq_cgp_relation 0.0271 loss_dq_cgp_smooth 0.0093 loss_dq_cgp_level_js 0.5670 loss_dq_cgp_adjacent_js 0.0093 loss_dq_cgp_point_correction_ratio 0.9759 loss_dq_cgp_point_effect_js 0.0348 loss_dq_cgp_level_query_js 0.1550 loss_dq_cgp_route_load_balance 0.0482 loss_dq_cgp_route_entropy_target 0.0192 loss_dq_cgp_route_level_balance 0.0000 loss_dq_cgp_route_entropy 1.3863 loss_dq_cgp_usage_entropy 2.7244 loss_dq_cgp_effective_basis_count 15.2525 loss_dq_cgp_level_active_basis_count 4.0000 loss_dq_cgp_point_active_basis_count 4.0000 loss_dq_cgp_basis_usage_00 0.0632 loss_dq_cgp_basis_usage_01 0.0593 loss_dq_cgp_basis_usage_02 0.0644 loss_dq_cgp_basis_usage_03 0.0641 loss_dq_cgp_basis_usage_04 0.0632 loss_dq_cgp_basis_usage_05 0.0601 loss_dq_cgp_basis_usage_06 0.0645 loss_dq_cgp_basis_usage_07 0.0597 loss_dq_cgp_basis_usage_08 0.0591 loss_dq_cgp_basis_usage_09 0.0638 loss_dq_cgp_basis_usage_10 0.0636 loss_dq_cgp_basis_usage_11 0.0633 loss_dq_cgp_basis_usage_12 0.0641 loss_dq_cgp_basis_usage_13 0.0630 loss_dq_cgp_basis_usage_14 0.0639 loss_dq_cgp_basis_usage_15 0.0606 loss_dq_cgp_relation_route_js 0.0414 loss_dq_cgp_relation_attention_js 0.4385 loss_exist 0.1301 weighted_loss_overall 0.4553

2026-10-01 19:39:10,412 - flashvtg_dq_cgp_v3_gmr.train - INFO - metrics_no_nms OrderedDict([   ('MR-full-R1@0.3', 68.14),
                ('MR-full-R1@0.5', 56.89),
                ('MR-full-R1@0.7', 38.29),
                ('MR-full-mAP', 40.85),
                ('MR-full-mAP@0.5', 66.38),
                ('MR-full-mAP@0.75', 41.45),
                ('MR-full-mIoU', 49.38),
                ('GMR-TPR', 92.5),
                ('GMR-TNR', 55.88),
                ('GMR-BalancedAcc', 74.19)])
2026-10-01 19:39:10,413 - flashvtg_dq_cgp_v3_gmr.train - INFO - GMR Metrics - TPR: 92.50, TNR: 55.88, BalancedAcc: 74.19
2026-10-01 19:39:10,685 - flashvtg_dq_cgp_v3_gmr.train - INFO - [Epoch 36]
2026-10-01 19:41:02,461 - flashvtg_dq_cgp_v3_gmr.train - INFO - 2026_10_01_19_41_02 [Epoch] 036 [Loss] loss_reg 0.2084 loss_cls 0.0212 loss_dq_cgp_bind 0.0601 loss_dq_cgp_route 0.0699 loss_dq_cgp_relation 0.0270 loss_dq_cgp_smooth 0.0094 loss_dq_cgp_level_js 0.5648 loss_dq_cgp_adjacent_js 0.0094 loss_dq_cgp_point_correction_ratio 0.9756 loss_dq_cgp_point_effect_js 0.0348 loss_dq_cgp_level_query_js 0.1540 loss_dq_cgp_route_load_balance 0.0507 loss_dq_cgp_route_entropy_target 0.0192 loss_dq_cgp_route_level_balance 0.0000 loss_dq_cgp_route_entropy 1.3863 loss_dq_cgp_usage_entropy 2.7219 loss_dq_cgp_effective_basis_count 15.2162 loss_dq_cgp_level_active_basis_count 4.0000 loss_dq_cgp_point_active_basis_count 4.0000 loss_dq_cgp_basis_usage_00 0.0641 loss_dq_cgp_basis_usage_01 0.0597 loss_dq_cgp_basis_usage_02 0.0639 loss_dq_cgp_basis_usage_03 0.0642 loss_dq_cgp_basis_usage_04 0.0621 loss_dq_cgp_basis_usage_05 0.0600 loss_dq_cgp_basis_usage_06 0.0638 loss_dq_cgp_basis_usage_07 0.0618 loss_dq_cgp_basis_usage_08 0.0602 loss_dq_cgp_basis_usage_09 0.0640 loss_dq_cgp_basis_usage_10 0.0616 loss_dq_cgp_basis_usage_11 0.0636 loss_dq_cgp_basis_usage_12 0.0642 loss_dq_cgp_basis_usage_13 0.0615 loss_dq_cgp_basis_usage_14 0.0643 loss_dq_cgp_basis_usage_15 0.0608 loss_dq_cgp_relation_route_js 0.0410 loss_dq_cgp_relation_attention_js 0.4344 loss_exist 0.1143 weighted_loss_overall 0.4331

2026-10-01 19:41:26,804 - flashvtg_dq_cgp_v3_gmr.train - INFO - metrics_no_nms OrderedDict([   ('MR-full-R1@0.3', 66.13),
                ('MR-full-R1@0.5', 55.82),
                ('MR-full-R1@0.7', 36.01),
                ('MR-full-mAP', 39.48),
                ('MR-full-mAP@0.5', 66.14),
                ('MR-full-mAP@0.75', 38.67),
                ('MR-full-mIoU', 47.69),
                ('GMR-TPR', 92.37),
                ('GMR-TNR', 52.16),
                ('GMR-BalancedAcc', 72.26)])
2026-10-01 19:41:26,805 - flashvtg_dq_cgp_v3_gmr.train - INFO - GMR Metrics - TPR: 92.37, TNR: 52.16, BalancedAcc: 72.26
2026-10-01 19:41:27,264 - flashvtg_dq_cgp_v3_gmr.train - INFO - [Epoch 37]
2026-10-01 19:43:18,905 - flashvtg_dq_cgp_v3_gmr.train - INFO - 2026_10_01_19_43_18 [Epoch] 037 [Loss] loss_reg 0.2073 loss_cls 0.0209 loss_dq_cgp_bind 0.0585 loss_dq_cgp_route 0.0701 loss_dq_cgp_relation 0.0267 loss_dq_cgp_smooth 0.0093 loss_dq_cgp_level_js 0.5614 loss_dq_cgp_adjacent_js 0.0093 loss_dq_cgp_point_correction_ratio 0.9758 loss_dq_cgp_point_effect_js 0.0348 loss_dq_cgp_level_query_js 0.1549 loss_dq_cgp_route_load_balance 0.0509 loss_dq_cgp_route_entropy_target 0.0192 loss_dq_cgp_route_level_balance 0.0000 loss_dq_cgp_route_entropy 1.3863 loss_dq_cgp_usage_entropy 2.7217 loss_dq_cgp_effective_basis_count 15.2143 loss_dq_cgp_level_active_basis_count 4.0000 loss_dq_cgp_point_active_basis_count 4.0000 loss_dq_cgp_basis_usage_00 0.0622 loss_dq_cgp_basis_usage_01 0.0618 loss_dq_cgp_basis_usage_02 0.0626 loss_dq_cgp_basis_usage_03 0.0630 loss_dq_cgp_basis_usage_04 0.0623 loss_dq_cgp_basis_usage_05 0.0620 loss_dq_cgp_basis_usage_06 0.0629 loss_dq_cgp_basis_usage_07 0.0629 loss_dq_cgp_basis_usage_08 0.0601 loss_dq_cgp_basis_usage_09 0.0631 loss_dq_cgp_basis_usage_10 0.0631 loss_dq_cgp_basis_usage_11 0.0635 loss_dq_cgp_basis_usage_12 0.0627 loss_dq_cgp_basis_usage_13 0.0627 loss_dq_cgp_basis_usage_14 0.0626 loss_dq_cgp_basis_usage_15 0.0625 loss_dq_cgp_relation_route_js 0.0407 loss_dq_cgp_relation_attention_js 0.4303 loss_exist 0.1149 weighted_loss_overall 0.4311

2026-10-01 19:43:43,693 - flashvtg_dq_cgp_v3_gmr.train - INFO - metrics_no_nms OrderedDict([   ('MR-full-R1@0.3', 65.86),
                ('MR-full-R1@0.5', 56.63),
                ('MR-full-R1@0.7', 36.01),
                ('MR-full-mAP', 39.85),
                ('MR-full-mAP@0.5', 67.02),
                ('MR-full-mAP@0.75', 39.93),
                ('MR-full-mIoU', 47.56),
                ('GMR-TPR', 91.03),
                ('GMR-TNR', 54.12),
                ('GMR-BalancedAcc', 72.57)])
2026-10-01 19:43:43,693 - flashvtg_dq_cgp_v3_gmr.train - INFO - GMR Metrics - TPR: 91.03, TNR: 54.12, BalancedAcc: 72.57
2026-10-01 19:43:43,952 - flashvtg_dq_cgp_v3_gmr.train - INFO - [Epoch 38]
2026-10-01 19:45:35,482 - flashvtg_dq_cgp_v3_gmr.train - INFO - 2026_10_01_19_45_35 [Epoch] 038 [Loss] loss_reg 0.2053 loss_cls 0.0205 loss_dq_cgp_bind 0.0619 loss_dq_cgp_route 0.0788 loss_dq_cgp_relation 0.0269 loss_dq_cgp_smooth 0.0094 loss_dq_cgp_level_js 0.5481 loss_dq_cgp_adjacent_js 0.0094 loss_dq_cgp_point_correction_ratio 0.9751 loss_dq_cgp_point_effect_js 0.0348 loss_dq_cgp_level_query_js 0.1652 loss_dq_cgp_route_load_balance 0.0595 loss_dq_cgp_route_entropy_target 0.0192 loss_dq_cgp_route_level_balance 0.0000 loss_dq_cgp_route_entropy 1.3863 loss_dq_cgp_usage_entropy 2.7130 loss_dq_cgp_effective_basis_count 15.0866 loss_dq_cgp_level_active_basis_count 4.0000 loss_dq_cgp_point_active_basis_count 4.0000 loss_dq_cgp_basis_usage_00 0.0648 loss_dq_cgp_basis_usage_01 0.0592 loss_dq_cgp_basis_usage_02 0.0655 loss_dq_cgp_basis_usage_03 0.0655 loss_dq_cgp_basis_usage_04 0.0609 loss_dq_cgp_basis_usage_05 0.0598 loss_dq_cgp_basis_usage_06 0.0653 loss_dq_cgp_basis_usage_07 0.0610 loss_dq_cgp_basis_usage_08 0.0593 loss_dq_cgp_basis_usage_09 0.0650 loss_dq_cgp_basis_usage_10 0.0595 loss_dq_cgp_basis_usage_11 0.0650 loss_dq_cgp_basis_usage_12 0.0654 loss_dq_cgp_basis_usage_13 0.0609 loss_dq_cgp_basis_usage_14 0.0639 loss_dq_cgp_basis_usage_15 0.0591 loss_dq_cgp_relation_route_js 0.0403 loss_dq_cgp_relation_attention_js 0.4262 loss_exist 0.1160 weighted_loss_overall 0.4285

2026-10-01 19:45:59,884 - flashvtg_dq_cgp_v3_gmr.train - INFO - metrics_no_nms OrderedDict([   ('MR-full-R1@0.3', 67.87),
                ('MR-full-R1@0.5', 56.22),
                ('MR-full-R1@0.7', 39.09),
                ('MR-full-mAP', 40.97),
                ('MR-full-mAP@0.5', 66.08),
                ('MR-full-mAP@0.75', 41.23),
                ('MR-full-mIoU', 48.88),
                ('GMR-TPR', 89.29),
                ('GMR-TNR', 61.18),
                ('GMR-BalancedAcc', 75.23)])
2026-10-01 19:45:59,885 - flashvtg_dq_cgp_v3_gmr.train - INFO - GMR Metrics - TPR: 89.29, TNR: 61.18, BalancedAcc: 75.23
2026-10-01 19:46:00,347 - flashvtg_dq_cgp_v3_gmr.train - INFO - [Epoch 39]
2026-10-01 19:47:52,457 - flashvtg_dq_cgp_v3_gmr.train - INFO - 2026_10_01_19_47_52 [Epoch] 039 [Loss] loss_reg 0.2009 loss_cls 0.0201 loss_dq_cgp_bind 0.0556 loss_dq_cgp_route 0.0809 loss_dq_cgp_relation 0.0276 loss_dq_cgp_smooth 0.0094 loss_dq_cgp_level_js 0.5343 loss_dq_cgp_adjacent_js 0.0094 loss_dq_cgp_point_correction_ratio 0.9732 loss_dq_cgp_point_effect_js 0.0347 loss_dq_cgp_level_query_js 0.1722 loss_dq_cgp_route_load_balance 0.0617 loss_dq_cgp_route_entropy_target 0.0192 loss_dq_cgp_route_level_balance 0.0000 loss_dq_cgp_route_entropy 1.3863 loss_dq_cgp_usage_entropy 2.7109 loss_dq_cgp_effective_basis_count 15.0529 loss_dq_cgp_level_active_basis_count 4.0000 loss_dq_cgp_point_active_basis_count 4.0000 loss_dq_cgp_basis_usage_00 0.0618 loss_dq_cgp_basis_usage_01 0.0626 loss_dq_cgp_basis_usage_02 0.0628 loss_dq_cgp_basis_usage_03 0.0628 loss_dq_cgp_basis_usage_04 0.0622 loss_dq_cgp_basis_usage_05 0.0644 loss_dq_cgp_basis_usage_06 0.0628 loss_dq_cgp_basis_usage_07 0.0631 loss_dq_cgp_basis_usage_08 0.0599 loss_dq_cgp_basis_usage_09 0.0634 loss_dq_cgp_basis_usage_10 0.0623 loss_dq_cgp_basis_usage_11 0.0604 loss_dq_cgp_basis_usage_12 0.0629 loss_dq_cgp_basis_usage_13 0.0630 loss_dq_cgp_basis_usage_14 0.0629 loss_dq_cgp_basis_usage_15 0.0626 loss_dq_cgp_relation_route_js 0.0393 loss_dq_cgp_relation_attention_js 0.4172 loss_exist 0.1084 weighted_loss_overall 0.4142

2026-10-01 19:48:17,019 - flashvtg_dq_cgp_v3_gmr.train - INFO - metrics_no_nms OrderedDict([   ('MR-full-R1@0.3', 65.6),
                ('MR-full-R1@0.5', 56.36),
                ('MR-full-R1@0.7', 37.62),
                ('MR-full-mAP', 40.15),
                ('MR-full-mAP@0.5', 66.1),
                ('MR-full-mAP@0.75', 40.06),
                ('MR-full-mIoU', 47.89),
                ('GMR-TPR', 90.23),
                ('GMR-TNR', 52.55),
                ('GMR-BalancedAcc', 71.39)])
2026-10-01 19:48:17,020 - flashvtg_dq_cgp_v3_gmr.train - INFO - GMR Metrics - TPR: 90.23, TNR: 52.55, BalancedAcc: 71.39
2026-10-01 19:48:17,278 - flashvtg_dq_cgp_v3_gmr.train - INFO - [Epoch 40]
2026-10-01 19:50:10,878 - flashvtg_dq_cgp_v3_gmr.train - INFO - 2026_10_01_19_50_10 [Epoch] 040 [Loss] loss_reg 0.1988 loss_cls 0.0201 loss_dq_cgp_bind 0.0563 loss_dq_cgp_route 0.0827 loss_dq_cgp_relation 0.0273 loss_dq_cgp_smooth 0.0095 loss_dq_cgp_level_js 0.5336 loss_dq_cgp_adjacent_js 0.0095 loss_dq_cgp_point_correction_ratio 0.9743 loss_dq_cgp_point_effect_js 0.0347 loss_dq_cgp_level_query_js 0.1730 loss_dq_cgp_route_load_balance 0.0635 loss_dq_cgp_route_entropy_target 0.0192 loss_dq_cgp_route_level_balance 0.0000 loss_dq_cgp_route_entropy 1.3863 loss_dq_cgp_usage_entropy 2.7091 loss_dq_cgp_effective_basis_count 15.0293 loss_dq_cgp_level_active_basis_count 4.0000 loss_dq_cgp_point_active_basis_count 4.0000 loss_dq_cgp_basis_usage_00 0.0652 loss_dq_cgp_basis_usage_01 0.0590 loss_dq_cgp_basis_usage_02 0.0656 loss_dq_cgp_basis_usage_03 0.0655 loss_dq_cgp_basis_usage_04 0.0619 loss_dq_cgp_basis_usage_05 0.0591 loss_dq_cgp_basis_usage_06 0.0658 loss_dq_cgp_basis_usage_07 0.0588 loss_dq_cgp_basis_usage_08 0.0575 loss_dq_cgp_basis_usage_09 0.0649 loss_dq_cgp_basis_usage_10 0.0607 loss_dq_cgp_basis_usage_11 0.0641 loss_dq_cgp_basis_usage_12 0.0654 loss_dq_cgp_basis_usage_13 0.0619 loss_dq_cgp_basis_usage_14 0.0650 loss_dq_cgp_basis_usage_15 0.0595 loss_dq_cgp_relation_route_js 0.0397 loss_dq_cgp_relation_attention_js 0.4213 loss_exist 0.1035 weighted_loss_overall 0.4073

2026-10-01 19:50:35,222 - flashvtg_dq_cgp_v3_gmr.train - INFO - metrics_no_nms OrderedDict([   ('MR-full-R1@0.3', 67.87),
                ('MR-full-R1@0.5', 56.76),
                ('MR-full-R1@0.7', 36.81),
                ('MR-full-mAP', 39.85),
                ('MR-full-mAP@0.5', 66.31),
                ('MR-full-mAP@0.75', 38.55),
                ('MR-full-mIoU', 48.47),
                ('GMR-TPR', 89.29),
                ('GMR-TNR', 57.25),
                ('GMR-BalancedAcc', 73.27)])
2026-10-01 19:50:35,224 - flashvtg_dq_cgp_v3_gmr.train - INFO - GMR Metrics - TPR: 89.29, TNR: 57.25, BalancedAcc: 73.27
2026-10-01 19:50:35,479 - flashvtg_dq_cgp_v3_gmr.train - INFO - [Epoch 41]
2026-10-01 19:52:27,570 - flashvtg_dq_cgp_v3_gmr.train - INFO - 2026_10_01_19_52_27 [Epoch] 041 [Loss] loss_reg 0.1959 loss_cls 0.0199 loss_dq_cgp_bind 0.0578 loss_dq_cgp_route 0.0824 loss_dq_cgp_relation 0.0277 loss_dq_cgp_smooth 0.0094 loss_dq_cgp_level_js 0.5327 loss_dq_cgp_adjacent_js 0.0094 loss_dq_cgp_point_correction_ratio 0.9739 loss_dq_cgp_point_effect_js 0.0347 loss_dq_cgp_level_query_js 0.1738 loss_dq_cgp_route_load_balance 0.0632 loss_dq_cgp_route_entropy_target 0.0192 loss_dq_cgp_route_level_balance 0.0000 loss_dq_cgp_route_entropy 1.3863 loss_dq_cgp_usage_entropy 2.7094 loss_dq_cgp_effective_basis_count 15.0318 loss_dq_cgp_level_active_basis_count 4.0000 loss_dq_cgp_point_active_basis_count 4.0000 loss_dq_cgp_basis_usage_00 0.0627 loss_dq_cgp_basis_usage_01 0.0613 loss_dq_cgp_basis_usage_02 0.0633 loss_dq_cgp_basis_usage_03 0.0631 loss_dq_cgp_basis_usage_04 0.0631 loss_dq_cgp_basis_usage_05 0.0620 loss_dq_cgp_basis_usage_06 0.0635 loss_dq_cgp_basis_usage_07 0.0603 loss_dq_cgp_basis_usage_08 0.0631 loss_dq_cgp_basis_usage_09 0.0631 loss_dq_cgp_basis_usage_10 0.0621 loss_dq_cgp_basis_usage_11 0.0626 loss_dq_cgp_basis_usage_12 0.0633 loss_dq_cgp_basis_usage_13 0.0625 loss_dq_cgp_basis_usage_14 0.0637 loss_dq_cgp_basis_usage_15 0.0604 loss_dq_cgp_relation_route_js 0.0398 loss_dq_cgp_relation_attention_js 0.4228 loss_exist 0.1003 weighted_loss_overall 0.4002

2026-10-01 19:52:52,300 - flashvtg_dq_cgp_v3_gmr.train - INFO - metrics_no_nms OrderedDict([   ('MR-full-R1@0.3', 64.39),
                ('MR-full-R1@0.5', 54.75),
                ('MR-full-R1@0.7', 35.74),
                ('MR-full-mAP', 39.51),
                ('MR-full-mAP@0.5', 65.22),
                ('MR-full-mAP@0.75', 39.74),
                ('MR-full-mIoU', 46.91),
                ('GMR-TPR', 86.61),
                ('GMR-TNR', 56.08),
                ('GMR-BalancedAcc', 71.35)])
2026-10-01 19:52:52,301 - flashvtg_dq_cgp_v3_gmr.train - INFO - GMR Metrics - TPR: 86.61, TNR: 56.08, BalancedAcc: 71.35
2026-10-01 19:52:52,554 - flashvtg_dq_cgp_v3_gmr.train - INFO - [Epoch 42]
2026-10-01 19:54:44,719 - flashvtg_dq_cgp_v3_gmr.train - INFO - 2026_10_01_19_54_44 [Epoch] 042 [Loss] loss_reg 0.1936 loss_cls 0.0194 loss_dq_cgp_bind 0.0531 loss_dq_cgp_route 0.0828 loss_dq_cgp_relation 0.0282 loss_dq_cgp_smooth 0.0095 loss_dq_cgp_level_js 0.5312 loss_dq_cgp_adjacent_js 0.0095 loss_dq_cgp_point_correction_ratio 0.9733 loss_dq_cgp_point_effect_js 0.0346 loss_dq_cgp_level_query_js 0.1763 loss_dq_cgp_route_load_balance 0.0636 loss_dq_cgp_route_entropy_target 0.0192 loss_dq_cgp_route_level_balance 0.0000 loss_dq_cgp_route_entropy 1.3863 loss_dq_cgp_usage_entropy 2.7090 loss_dq_cgp_effective_basis_count 15.0250 loss_dq_cgp_level_active_basis_count 4.0000 loss_dq_cgp_point_active_basis_count 4.0000 loss_dq_cgp_basis_usage_00 0.0627 loss_dq_cgp_basis_usage_01 0.0610 loss_dq_cgp_basis_usage_02 0.0646 loss_dq_cgp_basis_usage_03 0.0645 loss_dq_cgp_basis_usage_04 0.0615 loss_dq_cgp_basis_usage_05 0.0612 loss_dq_cgp_basis_usage_06 0.0645 loss_dq_cgp_basis_usage_07 0.0636 loss_dq_cgp_basis_usage_08 0.0588 loss_dq_cgp_basis_usage_09 0.0631 loss_dq_cgp_basis_usage_10 0.0625 loss_dq_cgp_basis_usage_11 0.0611 loss_dq_cgp_basis_usage_12 0.0645 loss_dq_cgp_basis_usage_13 0.0633 loss_dq_cgp_basis_usage_14 0.0624 loss_dq_cgp_basis_usage_15 0.0607 loss_dq_cgp_relation_route_js 0.0389 loss_dq_cgp_relation_attention_js 0.4135 loss_exist 0.0974 weighted_loss_overall 0.3919

2026-10-01 19:55:08,879 - flashvtg_dq_cgp_v3_gmr.train - INFO - metrics_no_nms OrderedDict([   ('MR-full-R1@0.3', 67.87),
                ('MR-full-R1@0.5', 58.63),
                ('MR-full-R1@0.7', 38.15),
                ('MR-full-mAP', 40.96),
                ('MR-full-mAP@0.5', 67.62),
                ('MR-full-mAP@0.75', 40.59),
                ('MR-full-mIoU', 49.65),
                ('GMR-TPR', 87.15),
                ('GMR-TNR', 65.29),
                ('GMR-BalancedAcc', 76.22)])
2026-10-01 19:55:08,879 - flashvtg_dq_cgp_v3_gmr.train - INFO - GMR Metrics - TPR: 87.15, TNR: 65.29, BalancedAcc: 76.22
2026-10-01 19:55:09,136 - flashvtg_dq_cgp_v3_gmr.train - INFO - [Epoch 43]
2026-10-01 19:57:01,537 - flashvtg_dq_cgp_v3_gmr.train - INFO - 2026_10_01_19_57_01 [Epoch] 043 [Loss] loss_reg 0.1914 loss_cls 0.0192 loss_dq_cgp_bind 0.0545 loss_dq_cgp_route 0.0856 loss_dq_cgp_relation 0.0274 loss_dq_cgp_smooth 0.0095 loss_dq_cgp_level_js 0.5269 loss_dq_cgp_adjacent_js 0.0095 loss_dq_cgp_point_correction_ratio 0.9744 loss_dq_cgp_point_effect_js 0.0347 loss_dq_cgp_level_query_js 0.1768 loss_dq_cgp_route_load_balance 0.0664 loss_dq_cgp_route_entropy_target 0.0192 loss_dq_cgp_route_level_balance 0.0000 loss_dq_cgp_route_entropy 1.3863 loss_dq_cgp_usage_entropy 2.7062 loss_dq_cgp_effective_basis_count 14.9865 loss_dq_cgp_level_active_basis_count 4.0000 loss_dq_cgp_point_active_basis_count 4.0000 loss_dq_cgp_basis_usage_00 0.0616 loss_dq_cgp_basis_usage_01 0.0615 loss_dq_cgp_basis_usage_02 0.0633 loss_dq_cgp_basis_usage_03 0.0630 loss_dq_cgp_basis_usage_04 0.0624 loss_dq_cgp_basis_usage_05 0.0628 loss_dq_cgp_basis_usage_06 0.0633 loss_dq_cgp_basis_usage_07 0.0630 loss_dq_cgp_basis_usage_08 0.0621 loss_dq_cgp_basis_usage_09 0.0624 loss_dq_cgp_basis_usage_10 0.0624 loss_dq_cgp_basis_usage_11 0.0628 loss_dq_cgp_basis_usage_12 0.0633 loss_dq_cgp_basis_usage_13 0.0625 loss_dq_cgp_basis_usage_14 0.0616 loss_dq_cgp_basis_usage_15 0.0620 loss_dq_cgp_relation_route_js 0.0390 loss_dq_cgp_relation_attention_js 0.4141 loss_exist 0.0885 weighted_loss_overall 0.3801

2026-10-01 19:57:25,977 - flashvtg_dq_cgp_v3_gmr.train - INFO - metrics_no_nms OrderedDict([   ('MR-full-R1@0.3', 66.13),
                ('MR-full-R1@0.5', 56.22),
                ('MR-full-R1@0.7', 35.61),
                ('MR-full-mAP', 39.48),
                ('MR-full-mAP@0.5', 66.08),
                ('MR-full-mAP@0.75', 39.98),
                ('MR-full-mIoU', 47.74),
                ('GMR-TPR', 91.3),
                ('GMR-TNR', 54.51),
                ('GMR-BalancedAcc', 72.9)])
2026-10-01 19:57:25,977 - flashvtg_dq_cgp_v3_gmr.train - INFO - GMR Metrics - TPR: 91.30, TNR: 54.51, BalancedAcc: 72.90
2026-10-01 19:57:26,235 - flashvtg_dq_cgp_v3_gmr.train - INFO - [Epoch 44]
2026-10-01 19:59:17,994 - flashvtg_dq_cgp_v3_gmr.train - INFO - 2026_10_01_19_59_17 [Epoch] 044 [Loss] loss_reg 0.1883 loss_cls 0.0190 loss_dq_cgp_bind 0.0522 loss_dq_cgp_route 0.0796 loss_dq_cgp_relation 0.0271 loss_dq_cgp_smooth 0.0095 loss_dq_cgp_level_js 0.5370 loss_dq_cgp_adjacent_js 0.0095 loss_dq_cgp_point_correction_ratio 0.9757 loss_dq_cgp_point_effect_js 0.0348 loss_dq_cgp_level_query_js 0.1712 loss_dq_cgp_route_load_balance 0.0603 loss_dq_cgp_route_entropy_target 0.0192 loss_dq_cgp_route_level_balance 0.0000 loss_dq_cgp_route_entropy 1.3863 loss_dq_cgp_usage_entropy 2.7123 loss_dq_cgp_effective_basis_count 15.0739 loss_dq_cgp_level_active_basis_count 4.0000 loss_dq_cgp_point_active_basis_count 4.0000 loss_dq_cgp_basis_usage_00 0.0632 loss_dq_cgp_basis_usage_01 0.0612 loss_dq_cgp_basis_usage_02 0.0640 loss_dq_cgp_basis_usage_03 0.0642 loss_dq_cgp_basis_usage_04 0.0629 loss_dq_cgp_basis_usage_05 0.0600 loss_dq_cgp_basis_usage_06 0.0642 loss_dq_cgp_basis_usage_07 0.0603 loss_dq_cgp_basis_usage_08 0.0631 loss_dq_cgp_basis_usage_09 0.0633 loss_dq_cgp_basis_usage_10 0.0617 loss_dq_cgp_basis_usage_11 0.0620 loss_dq_cgp_basis_usage_12 0.0641 loss_dq_cgp_basis_usage_13 0.0620 loss_dq_cgp_basis_usage_14 0.0627 loss_dq_cgp_basis_usage_15 0.0609 loss_dq_cgp_relation_route_js 0.0386 loss_dq_cgp_relation_attention_js 0.4091 loss_exist 0.0895 weighted_loss_overall 0.3769

2026-10-01 19:59:42,565 - flashvtg_dq_cgp_v3_gmr.train - INFO - metrics_no_nms OrderedDict([   ('MR-full-R1@0.3', 67.47),
                ('MR-full-R1@0.5', 58.23),
                ('MR-full-R1@0.7', 37.88),
                ('MR-full-mAP', 40.56),
                ('MR-full-mAP@0.5', 67.55),
                ('MR-full-mAP@0.75', 40.1),
                ('MR-full-mIoU', 49.16),
                ('GMR-TPR', 89.69),
                ('GMR-TNR', 60.39),
                ('GMR-BalancedAcc', 75.04)])
2026-10-01 19:59:42,565 - flashvtg_dq_cgp_v3_gmr.train - INFO - GMR Metrics - TPR: 89.69, TNR: 60.39, BalancedAcc: 75.04
2026-10-01 19:59:42,831 - flashvtg_dq_cgp_v3_gmr.train - INFO - [Epoch 45]
2026-10-01 20:01:35,370 - flashvtg_dq_cgp_v3_gmr.train - INFO - 2026_10_01_20_01_35 [Epoch] 045 [Loss] loss_reg 0.1856 loss_cls 0.0185 loss_dq_cgp_bind 0.0524 loss_dq_cgp_route 0.0803 loss_dq_cgp_relation 0.0274 loss_dq_cgp_smooth 0.0095 loss_dq_cgp_level_js 0.5374 loss_dq_cgp_adjacent_js 0.0095 loss_dq_cgp_point_correction_ratio 0.9760 loss_dq_cgp_point_effect_js 0.0348 loss_dq_cgp_level_query_js 0.1711 loss_dq_cgp_route_load_balance 0.0611 loss_dq_cgp_route_entropy_target 0.0192 loss_dq_cgp_route_level_balance 0.0000 loss_dq_cgp_route_entropy 1.3863 loss_dq_cgp_usage_entropy 2.7115 loss_dq_cgp_effective_basis_count 15.0637 loss_dq_cgp_level_active_basis_count 4.0000 loss_dq_cgp_point_active_basis_count 4.0000 loss_dq_cgp_basis_usage_00 0.0621 loss_dq_cgp_basis_usage_01 0.0621 loss_dq_cgp_basis_usage_02 0.0634 loss_dq_cgp_basis_usage_03 0.0638 loss_dq_cgp_basis_usage_04 0.0627 loss_dq_cgp_basis_usage_05 0.0612 loss_dq_cgp_basis_usage_06 0.0636 loss_dq_cgp_basis_usage_07 0.0612 loss_dq_cgp_basis_usage_08 0.0604 loss_dq_cgp_basis_usage_09 0.0634 loss_dq_cgp_basis_usage_10 0.0608 loss_dq_cgp_basis_usage_11 0.0642 loss_dq_cgp_basis_usage_12 0.0637 loss_dq_cgp_basis_usage_13 0.0625 loss_dq_cgp_basis_usage_14 0.0622 loss_dq_cgp_basis_usage_15 0.0625 loss_dq_cgp_relation_route_js 0.0387 loss_dq_cgp_relation_attention_js 0.4101 loss_exist 0.0841 weighted_loss_overall 0.3664

2026-10-01 20:02:00,378 - flashvtg_dq_cgp_v3_gmr.train - INFO - metrics_no_nms OrderedDict([   ('MR-full-R1@0.3', 65.46),
                ('MR-full-R1@0.5', 55.02),
                ('MR-full-R1@0.7', 37.22),
                ('MR-full-mAP', 39.88),
                ('MR-full-mAP@0.5', 65.17),
                ('MR-full-mAP@0.75', 40.45),
                ('MR-full-mIoU', 47.79),
                ('GMR-TPR', 91.83),
                ('GMR-TNR', 54.12),
                ('GMR-BalancedAcc', 72.98)])
2026-10-01 20:02:00,379 - flashvtg_dq_cgp_v3_gmr.train - INFO - GMR Metrics - TPR: 91.83, TNR: 54.12, BalancedAcc: 72.98
2026-10-01 20:02:00,634 - flashvtg_dq_cgp_v3_gmr.train - INFO - [Epoch 46]
2026-10-01 20:03:53,067 - flashvtg_dq_cgp_v3_gmr.train - INFO - 2026_10_01_20_03_53 [Epoch] 046 [Loss] loss_reg 0.1855 loss_cls 0.0182 loss_dq_cgp_bind 0.0512 loss_dq_cgp_route 0.0788 loss_dq_cgp_relation 0.0260 loss_dq_cgp_smooth 0.0095 loss_dq_cgp_level_js 0.5462 loss_dq_cgp_adjacent_js 0.0095 loss_dq_cgp_point_correction_ratio 0.9771 loss_dq_cgp_point_effect_js 0.0349 loss_dq_cgp_level_query_js 0.1688 loss_dq_cgp_route_load_balance 0.0596 loss_dq_cgp_route_entropy_target 0.0192 loss_dq_cgp_route_level_balance 0.0000 loss_dq_cgp_route_entropy 1.3863 loss_dq_cgp_usage_entropy 2.7130 loss_dq_cgp_effective_basis_count 15.0839 loss_dq_cgp_level_active_basis_count 4.0000 loss_dq_cgp_point_active_basis_count 4.0000 loss_dq_cgp_basis_usage_00 0.0629 loss_dq_cgp_basis_usage_01 0.0608 loss_dq_cgp_basis_usage_02 0.0646 loss_dq_cgp_basis_usage_03 0.0643 loss_dq_cgp_basis_usage_04 0.0622 loss_dq_cgp_basis_usage_05 0.0617 loss_dq_cgp_basis_usage_06 0.0647 loss_dq_cgp_basis_usage_07 0.0606 loss_dq_cgp_basis_usage_08 0.0630 loss_dq_cgp_basis_usage_09 0.0629 loss_dq_cgp_basis_usage_10 0.0623 loss_dq_cgp_basis_usage_11 0.0602 loss_dq_cgp_basis_usage_12 0.0645 loss_dq_cgp_basis_usage_13 0.0622 loss_dq_cgp_basis_usage_14 0.0624 loss_dq_cgp_basis_usage_15 0.0607 loss_dq_cgp_relation_route_js 0.0381 loss_dq_cgp_relation_attention_js 0.4036 loss_exist 0.0797 weighted_loss_overall 0.3602

2026-10-01 20:04:17,630 - flashvtg_dq_cgp_v3_gmr.train - INFO - metrics_no_nms OrderedDict([   ('MR-full-R1@0.3', 67.74),
                ('MR-full-R1@0.5', 56.36),
                ('MR-full-R1@0.7', 39.36),
                ('MR-full-mAP', 40.99),
                ('MR-full-mAP@0.5', 66.09),
                ('MR-full-mAP@0.75', 41.66),
                ('MR-full-mIoU', 48.97),
                ('GMR-TPR', 86.35),
                ('GMR-TNR', 63.14),
                ('GMR-BalancedAcc', 74.74)])
2026-10-01 20:04:17,631 - flashvtg_dq_cgp_v3_gmr.train - INFO - GMR Metrics - TPR: 86.35, TNR: 63.14, BalancedAcc: 74.74
2026-10-01 20:04:18,202 - flashvtg_dq_cgp_v3_gmr.train - INFO - [Epoch 47]
2026-10-01 20:06:09,971 - flashvtg_dq_cgp_v3_gmr.train - INFO - 2026_10_01_20_06_09 [Epoch] 047 [Loss] loss_reg 0.1816 loss_cls 0.0177 loss_dq_cgp_bind 0.0508 loss_dq_cgp_route 0.0786 loss_dq_cgp_relation 0.0264 loss_dq_cgp_smooth 0.0095 loss_dq_cgp_level_js 0.5390 loss_dq_cgp_adjacent_js 0.0095 loss_dq_cgp_point_correction_ratio 0.9767 loss_dq_cgp_point_effect_js 0.0348 loss_dq_cgp_level_query_js 0.1712 loss_dq_cgp_route_load_balance 0.0594 loss_dq_cgp_route_entropy_target 0.0192 loss_dq_cgp_route_level_balance 0.0000 loss_dq_cgp_route_entropy 1.3863 loss_dq_cgp_usage_entropy 2.7132 loss_dq_cgp_effective_basis_count 15.0864 loss_dq_cgp_level_active_basis_count 4.0000 loss_dq_cgp_point_active_basis_count 4.0000 loss_dq_cgp_basis_usage_00 0.0631 loss_dq_cgp_basis_usage_01 0.0616 loss_dq_cgp_basis_usage_02 0.0639 loss_dq_cgp_basis_usage_03 0.0638 loss_dq_cgp_basis_usage_04 0.0633 loss_dq_cgp_basis_usage_05 0.0613 loss_dq_cgp_basis_usage_06 0.0639 loss_dq_cgp_basis_usage_07 0.0601 loss_dq_cgp_basis_usage_08 0.0624 loss_dq_cgp_basis_usage_09 0.0625 loss_dq_cgp_basis_usage_10 0.0617 loss_dq_cgp_basis_usage_11 0.0631 loss_dq_cgp_basis_usage_12 0.0642 loss_dq_cgp_basis_usage_13 0.0617 loss_dq_cgp_basis_usage_14 0.0624 loss_dq_cgp_basis_usage_15 0.0611 loss_dq_cgp_relation_route_js 0.0378 loss_dq_cgp_relation_attention_js 0.4018 loss_exist 0.0806 weighted_loss_overall 0.3547

2026-10-01 20:06:34,587 - flashvtg_dq_cgp_v3_gmr.train - INFO - metrics_no_nms OrderedDict([   ('MR-full-R1@0.3', 69.21),
                ('MR-full-R1@0.5', 58.37),
                ('MR-full-R1@0.7', 39.22),
                ('MR-full-mAP', 40.91),
                ('MR-full-mAP@0.5', 67.4),
                ('MR-full-mAP@0.75', 40.99),
                ('MR-full-mIoU', 50.28),
                ('GMR-TPR', 92.77),
                ('GMR-TNR', 53.73),
                ('GMR-BalancedAcc', 73.25)])
2026-10-01 20:06:34,588 - flashvtg_dq_cgp_v3_gmr.train - INFO - GMR Metrics - TPR: 92.77, TNR: 53.73, BalancedAcc: 73.25
2026-10-01 20:06:34,843 - flashvtg_dq_cgp_v3_gmr.train - INFO - The checkpoint file has been updated.
2026-10-01 20:06:35,089 - flashvtg_dq_cgp_v3_gmr.train - INFO - [Epoch 48]
2026-10-01 20:08:27,605 - flashvtg_dq_cgp_v3_gmr.train - INFO - 2026_10_01_20_08_27 [Epoch] 048 [Loss] loss_reg 0.1796 loss_cls 0.0176 loss_dq_cgp_bind 0.0485 loss_dq_cgp_route 0.0789 loss_dq_cgp_relation 0.0257 loss_dq_cgp_smooth 0.0096 loss_dq_cgp_level_js 0.5428 loss_dq_cgp_adjacent_js 0.0096 loss_dq_cgp_point_correction_ratio 0.9775 loss_dq_cgp_point_effect_js 0.0349 loss_dq_cgp_level_query_js 0.1678 loss_dq_cgp_route_load_balance 0.0597 loss_dq_cgp_route_entropy_target 0.0192 loss_dq_cgp_route_level_balance 0.0000 loss_dq_cgp_route_entropy 1.3863 loss_dq_cgp_usage_entropy 2.7129 loss_dq_cgp_effective_basis_count 15.0826 loss_dq_cgp_level_active_basis_count 4.0000 loss_dq_cgp_point_active_basis_count 4.0000 loss_dq_cgp_basis_usage_00 0.0636 loss_dq_cgp_basis_usage_01 0.0596 loss_dq_cgp_basis_usage_02 0.0646 loss_dq_cgp_basis_usage_03 0.0648 loss_dq_cgp_basis_usage_04 0.0631 loss_dq_cgp_basis_usage_05 0.0606 loss_dq_cgp_basis_usage_06 0.0648 loss_dq_cgp_basis_usage_07 0.0612 loss_dq_cgp_basis_usage_08 0.0615 loss_dq_cgp_basis_usage_09 0.0638 loss_dq_cgp_basis_usage_10 0.0612 loss_dq_cgp_basis_usage_11 0.0619 loss_dq_cgp_basis_usage_12 0.0649 loss_dq_cgp_basis_usage_13 0.0615 loss_dq_cgp_basis_usage_14 0.0635 loss_dq_cgp_basis_usage_15 0.0591 loss_dq_cgp_relation_route_js 0.0375 loss_dq_cgp_relation_attention_js 0.3963 loss_exist 0.0707 weighted_loss_overall 0.3420

2026-10-01 20:08:52,256 - flashvtg_dq_cgp_v3_gmr.train - INFO - metrics_no_nms OrderedDict([   ('MR-full-R1@0.3', 65.73),
                ('MR-full-R1@0.5', 55.02),
                ('MR-full-R1@0.7', 37.88),
                ('MR-full-mAP', 39.27),
                ('MR-full-mAP@0.5', 64.74),
                ('MR-full-mAP@0.75', 39.89),
                ('MR-full-mIoU', 47.8),
                ('GMR-TPR', 89.96),
                ('GMR-TNR', 55.29),
                ('GMR-BalancedAcc', 72.63)])
2026-10-01 20:08:52,256 - flashvtg_dq_cgp_v3_gmr.train - INFO - GMR Metrics - TPR: 89.96, TNR: 55.29, BalancedAcc: 72.63
2026-10-01 20:08:52,526 - flashvtg_dq_cgp_v3_gmr.train - INFO - [Epoch 49]
2026-10-01 20:10:45,446 - flashvtg_dq_cgp_v3_gmr.train - INFO - 2026_10_01_20_10_45 [Epoch] 049 [Loss] loss_reg 0.1777 loss_cls 0.0174 loss_dq_cgp_bind 0.0478 loss_dq_cgp_route 0.0779 loss_dq_cgp_relation 0.0264 loss_dq_cgp_smooth 0.0096 loss_dq_cgp_level_js 0.5383 loss_dq_cgp_adjacent_js 0.0096 loss_dq_cgp_point_correction_ratio 0.9773 loss_dq_cgp_point_effect_js 0.0349 loss_dq_cgp_level_query_js 0.1719 loss_dq_cgp_route_load_balance 0.0587 loss_dq_cgp_route_entropy_target 0.0192 loss_dq_cgp_route_level_balance 0.0000 loss_dq_cgp_route_entropy 1.3863 loss_dq_cgp_usage_entropy 2.7139 loss_dq_cgp_effective_basis_count 15.0966 loss_dq_cgp_level_active_basis_count 4.0000 loss_dq_cgp_point_active_basis_count 4.0000 loss_dq_cgp_basis_usage_00 0.0617 loss_dq_cgp_basis_usage_01 0.0631 loss_dq_cgp_basis_usage_02 0.0627 loss_dq_cgp_basis_usage_03 0.0630 loss_dq_cgp_basis_usage_04 0.0622 loss_dq_cgp_basis_usage_05 0.0616 loss_dq_cgp_basis_usage_06 0.0631 loss_dq_cgp_basis_usage_07 0.0632 loss_dq_cgp_basis_usage_08 0.0620 loss_dq_cgp_basis_usage_09 0.0631 loss_dq_cgp_basis_usage_10 0.0624 loss_dq_cgp_basis_usage_11 0.0627 loss_dq_cgp_basis_usage_12 0.0633 loss_dq_cgp_basis_usage_13 0.0616 loss_dq_cgp_basis_usage_14 0.0630 loss_dq_cgp_basis_usage_15 0.0614 loss_dq_cgp_relation_route_js 0.0373 loss_dq_cgp_relation_attention_js 0.3958 loss_exist 0.0694 weighted_loss_overall 0.3377

2026-10-01 20:11:09,794 - flashvtg_dq_cgp_v3_gmr.train - INFO - metrics_no_nms OrderedDict([   ('MR-full-R1@0.3', 65.73),
                ('MR-full-R1@0.5', 56.49),
                ('MR-full-R1@0.7', 38.55),
                ('MR-full-mAP', 40.77),
                ('MR-full-mAP@0.5', 66.07),
                ('MR-full-mAP@0.75', 42.39),
                ('MR-full-mIoU', 48.91),
                ('GMR-TPR', 89.42),
                ('GMR-TNR', 60.78),
                ('GMR-BalancedAcc', 75.1)])
2026-10-01 20:11:09,795 - flashvtg_dq_cgp_v3_gmr.train - INFO - GMR Metrics - TPR: 89.42, TNR: 60.78, BalancedAcc: 75.10
2026-10-01 20:11:10,057 - flashvtg_dq_cgp_v3_gmr.train - INFO - [Epoch 50]
2026-10-01 20:13:02,128 - flashvtg_dq_cgp_v3_gmr.train - INFO - 2026_10_01_20_13_02 [Epoch] 050 [Loss] loss_reg 0.1743 loss_cls 0.0170 loss_dq_cgp_bind 0.0480 loss_dq_cgp_route 0.0806 loss_dq_cgp_relation 0.0261 loss_dq_cgp_smooth 0.0096 loss_dq_cgp_level_js 0.5397 loss_dq_cgp_adjacent_js 0.0096 loss_dq_cgp_point_correction_ratio 0.9785 loss_dq_cgp_point_effect_js 0.0349 loss_dq_cgp_level_query_js 0.1714 loss_dq_cgp_route_load_balance 0.0614 loss_dq_cgp_route_entropy_target 0.0192 loss_dq_cgp_route_level_balance 0.0000 loss_dq_cgp_route_entropy 1.3863 loss_dq_cgp_usage_entropy 2.7112 loss_dq_cgp_effective_basis_count 15.0586 loss_dq_cgp_level_active_basis_count 4.0000 loss_dq_cgp_point_active_basis_count 4.0000 loss_dq_cgp_basis_usage_00 0.0648 loss_dq_cgp_basis_usage_01 0.0603 loss_dq_cgp_basis_usage_02 0.0648 loss_dq_cgp_basis_usage_03 0.0649 loss_dq_cgp_basis_usage_04 0.0613 loss_dq_cgp_basis_usage_05 0.0608 loss_dq_cgp_basis_usage_06 0.0651 loss_dq_cgp_basis_usage_07 0.0588 loss_dq_cgp_basis_usage_08 0.0631 loss_dq_cgp_basis_usage_09 0.0634 loss_dq_cgp_basis_usage_10 0.0599 loss_dq_cgp_basis_usage_11 0.0619 loss_dq_cgp_basis_usage_12 0.0648 loss_dq_cgp_basis_usage_13 0.0615 loss_dq_cgp_basis_usage_14 0.0643 loss_dq_cgp_basis_usage_15 0.0604 loss_dq_cgp_relation_route_js 0.0362 loss_dq_cgp_relation_attention_js 0.3845 loss_exist 0.0699 weighted_loss_overall 0.3331

2026-10-01 20:13:26,869 - flashvtg_dq_cgp_v3_gmr.train - INFO - metrics_no_nms OrderedDict([   ('MR-full-R1@0.3', 66.13),
                ('MR-full-R1@0.5', 56.89),
                ('MR-full-R1@0.7', 37.75),
                ('MR-full-mAP', 40.31),
                ('MR-full-mAP@0.5', 66.39),
                ('MR-full-mAP@0.75', 40.48),
                ('MR-full-mIoU', 48.47),
                ('GMR-TPR', 91.16),
                ('GMR-TNR', 55.88),
                ('GMR-BalancedAcc', 73.52)])
2026-10-01 20:13:26,870 - flashvtg_dq_cgp_v3_gmr.train - INFO - GMR Metrics - TPR: 91.16, TNR: 55.88, BalancedAcc: 73.52
2026-10-01 20:13:27,256 - flashvtg_dq_cgp_v3_gmr.train - INFO - [Epoch 51]
2026-10-01 20:15:20,493 - flashvtg_dq_cgp_v3_gmr.train - INFO - 2026_10_01_20_15_20 [Epoch] 051 [Loss] loss_reg 0.1717 loss_cls 0.0167 loss_dq_cgp_bind 0.0461 loss_dq_cgp_route 0.0847 loss_dq_cgp_relation 0.0275 loss_dq_cgp_smooth 0.0096 loss_dq_cgp_level_js 0.5299 loss_dq_cgp_adjacent_js 0.0096 loss_dq_cgp_point_correction_ratio 0.9769 loss_dq_cgp_point_effect_js 0.0348 loss_dq_cgp_level_query_js 0.1788 loss_dq_cgp_route_load_balance 0.0655 loss_dq_cgp_route_entropy_target 0.0192 loss_dq_cgp_route_level_balance 0.0000 loss_dq_cgp_route_entropy 1.3863 loss_dq_cgp_usage_entropy 2.7071 loss_dq_cgp_effective_basis_count 14.9957 loss_dq_cgp_level_active_basis_count 4.0000 loss_dq_cgp_point_active_basis_count 4.0000 loss_dq_cgp_basis_usage_00 0.0634 loss_dq_cgp_basis_usage_01 0.0618 loss_dq_cgp_basis_usage_02 0.0638 loss_dq_cgp_basis_usage_03 0.0640 loss_dq_cgp_basis_usage_04 0.0632 loss_dq_cgp_basis_usage_05 0.0626 loss_dq_cgp_basis_usage_06 0.0643 loss_dq_cgp_basis_usage_07 0.0610 loss_dq_cgp_basis_usage_08 0.0603 loss_dq_cgp_basis_usage_09 0.0622 loss_dq_cgp_basis_usage_10 0.0620 loss_dq_cgp_basis_usage_11 0.0615 loss_dq_cgp_basis_usage_12 0.0642 loss_dq_cgp_basis_usage_13 0.0627 loss_dq_cgp_basis_usage_14 0.0618 loss_dq_cgp_basis_usage_15 0.0613 loss_dq_cgp_relation_route_js 0.0360 loss_dq_cgp_relation_attention_js 0.3837 loss_exist 0.0696 weighted_loss_overall 0.3286

2026-10-01 20:15:45,279 - flashvtg_dq_cgp_v3_gmr.train - INFO - metrics_no_nms OrderedDict([   ('MR-full-R1@0.3', 63.72),
                ('MR-full-R1@0.5', 55.15),
                ('MR-full-R1@0.7', 36.41),
                ('MR-full-mAP', 39.79),
                ('MR-full-mAP@0.5', 66.01),
                ('MR-full-mAP@0.75', 39.33),
                ('MR-full-mIoU', 46.99),
                ('GMR-TPR', 91.97),
                ('GMR-TNR', 55.49),
                ('GMR-BalancedAcc', 73.73)])
2026-10-01 20:15:45,280 - flashvtg_dq_cgp_v3_gmr.train - INFO - GMR Metrics - TPR: 91.97, TNR: 55.49, BalancedAcc: 73.73
2026-10-01 20:15:45,529 - flashvtg_dq_cgp_v3_gmr.train - INFO - [Epoch 52]
2026-10-01 20:17:37,326 - flashvtg_dq_cgp_v3_gmr.train - INFO - 2026_10_01_20_17_37 [Epoch] 052 [Loss] loss_reg 0.1701 loss_cls 0.0162 loss_dq_cgp_bind 0.0471 loss_dq_cgp_route 0.0820 loss_dq_cgp_relation 0.0279 loss_dq_cgp_smooth 0.0097 loss_dq_cgp_level_js 0.5307 loss_dq_cgp_adjacent_js 0.0097 loss_dq_cgp_point_correction_ratio 0.9768 loss_dq_cgp_point_effect_js 0.0348 loss_dq_cgp_level_query_js 0.1837 loss_dq_cgp_route_load_balance 0.0628 loss_dq_cgp_route_entropy_target 0.0192 loss_dq_cgp_route_level_balance 0.0000 loss_dq_cgp_route_entropy 1.3863 loss_dq_cgp_usage_entropy 2.7098 loss_dq_cgp_effective_basis_count 15.0375 loss_dq_cgp_level_active_basis_count 4.0000 loss_dq_cgp_point_active_basis_count 4.0000 loss_dq_cgp_basis_usage_00 0.0617 loss_dq_cgp_basis_usage_01 0.0624 loss_dq_cgp_basis_usage_02 0.0634 loss_dq_cgp_basis_usage_03 0.0635 loss_dq_cgp_basis_usage_04 0.0624 loss_dq_cgp_basis_usage_05 0.0617 loss_dq_cgp_basis_usage_06 0.0636 loss_dq_cgp_basis_usage_07 0.0615 loss_dq_cgp_basis_usage_08 0.0643 loss_dq_cgp_basis_usage_09 0.0624 loss_dq_cgp_basis_usage_10 0.0604 loss_dq_cgp_basis_usage_11 0.0619 loss_dq_cgp_basis_usage_12 0.0636 loss_dq_cgp_basis_usage_13 0.0642 loss_dq_cgp_basis_usage_14 0.0623 loss_dq_cgp_basis_usage_15 0.0608 loss_dq_cgp_relation_route_js 0.0355 loss_dq_cgp_relation_attention_js 0.3790 loss_exist 0.0663 weighted_loss_overall 0.3213

2026-10-01 20:18:01,899 - flashvtg_dq_cgp_v3_gmr.train - INFO - metrics_no_nms OrderedDict([   ('MR-full-R1@0.3', 65.46),
                ('MR-full-R1@0.5', 55.56),
                ('MR-full-R1@0.7', 38.69),
                ('MR-full-mAP', 40.58),
                ('MR-full-mAP@0.5', 66.28),
                ('MR-full-mAP@0.75', 41.63),
                ('MR-full-mIoU', 48.31),
                ('GMR-TPR', 88.89),
                ('GMR-TNR', 60.0),
                ('GMR-BalancedAcc', 74.44)])
2026-10-01 20:18:01,900 - flashvtg_dq_cgp_v3_gmr.train - INFO - GMR Metrics - TPR: 88.89, TNR: 60.00, BalancedAcc: 74.44
2026-10-01 20:18:02,147 - flashvtg_dq_cgp_v3_gmr.train - INFO - [Epoch 53]
2026-10-01 20:19:54,534 - flashvtg_dq_cgp_v3_gmr.train - INFO - 2026_10_01_20_19_54 [Epoch] 053 [Loss] loss_reg 0.1600 loss_cls 0.0148 loss_dq_cgp_bind 0.0441 loss_dq_cgp_route 0.0822 loss_dq_cgp_relation 0.0291 loss_dq_cgp_smooth 0.0096 loss_dq_cgp_level_js 0.5217 loss_dq_cgp_adjacent_js 0.0096 loss_dq_cgp_point_correction_ratio 0.9748 loss_dq_cgp_point_effect_js 0.0347 loss_dq_cgp_level_query_js 0.1901 loss_dq_cgp_route_load_balance 0.0630 loss_dq_cgp_route_entropy_target 0.0192 loss_dq_cgp_route_level_balance 0.0000 loss_dq_cgp_route_entropy 1.3862 loss_dq_cgp_usage_entropy 2.7096 loss_dq_cgp_effective_basis_count 15.0336 loss_dq_cgp_level_active_basis_count 4.0000 loss_dq_cgp_point_active_basis_count 4.0000 loss_dq_cgp_basis_usage_00 0.0617 loss_dq_cgp_basis_usage_01 0.0630 loss_dq_cgp_basis_usage_02 0.0625 loss_dq_cgp_basis_usage_03 0.0627 loss_dq_cgp_basis_usage_04 0.0628 loss_dq_cgp_basis_usage_05 0.0633 loss_dq_cgp_basis_usage_06 0.0626 loss_dq_cgp_basis_usage_07 0.0619 loss_dq_cgp_basis_usage_08 0.0649 loss_dq_cgp_basis_usage_09 0.0615 loss_dq_cgp_basis_usage_10 0.0623 loss_dq_cgp_basis_usage_11 0.0625 loss_dq_cgp_basis_usage_12 0.0626 loss_dq_cgp_basis_usage_13 0.0629 loss_dq_cgp_basis_usage_14 0.0623 loss_dq_cgp_basis_usage_15 0.0605 loss_dq_cgp_relation_route_js 0.0355 loss_dq_cgp_relation_attention_js 0.3810 loss_exist 0.0492 weighted_loss_overall 0.2870

2026-10-01 20:20:18,784 - flashvtg_dq_cgp_v3_gmr.train - INFO - metrics_no_nms OrderedDict([   ('MR-full-R1@0.3', 65.46),
                ('MR-full-R1@0.5', 55.96),
                ('MR-full-R1@0.7', 37.48),
                ('MR-full-mAP', 40.45),
                ('MR-full-mAP@0.5', 66.21),
                ('MR-full-mAP@0.75', 40.05),
                ('MR-full-mIoU', 48.12),
                ('GMR-TPR', 90.5),
                ('GMR-TNR', 59.61),
                ('GMR-BalancedAcc', 75.05)])
2026-10-01 20:20:18,785 - flashvtg_dq_cgp_v3_gmr.train - INFO - GMR Metrics - TPR: 90.50, TNR: 59.61, BalancedAcc: 75.05
2026-10-01 20:20:19,182 - flashvtg_dq_cgp_v3_gmr.train - INFO - [Epoch 54]
2026-10-01 20:22:11,854 - flashvtg_dq_cgp_v3_gmr.train - INFO - 2026_10_01_20_22_11 [Epoch] 054 [Loss] loss_reg 0.1546 loss_cls 0.0144 loss_dq_cgp_bind 0.0399 loss_dq_cgp_route 0.0841 loss_dq_cgp_relation 0.0293 loss_dq_cgp_smooth 0.0096 loss_dq_cgp_level_js 0.5221 loss_dq_cgp_adjacent_js 0.0096 loss_dq_cgp_point_correction_ratio 0.9737 loss_dq_cgp_point_effect_js 0.0346 loss_dq_cgp_level_query_js 0.1928 loss_dq_cgp_route_load_balance 0.0649 loss_dq_cgp_route_entropy_target 0.0192 loss_dq_cgp_route_level_balance 0.0000 loss_dq_cgp_route_entropy 1.3862 loss_dq_cgp_usage_entropy 2.7077 loss_dq_cgp_effective_basis_count 15.0059 loss_dq_cgp_level_active_basis_count 4.0000 loss_dq_cgp_point_active_basis_count 4.0000 loss_dq_cgp_basis_usage_00 0.0619 loss_dq_cgp_basis_usage_01 0.0610 loss_dq_cgp_basis_usage_02 0.0638 loss_dq_cgp_basis_usage_03 0.0640 loss_dq_cgp_basis_usage_04 0.0619 loss_dq_cgp_basis_usage_05 0.0649 loss_dq_cgp_basis_usage_06 0.0637 loss_dq_cgp_basis_usage_07 0.0653 loss_dq_cgp_basis_usage_08 0.0633 loss_dq_cgp_basis_usage_09 0.0600 loss_dq_cgp_basis_usage_10 0.0615 loss_dq_cgp_basis_usage_11 0.0612 loss_dq_cgp_basis_usage_12 0.0637 loss_dq_cgp_basis_usage_13 0.0625 loss_dq_cgp_basis_usage_14 0.0608 loss_dq_cgp_basis_usage_15 0.0604 loss_dq_cgp_relation_route_js 0.0353 loss_dq_cgp_relation_attention_js 0.3801 loss_exist 0.0425 weighted_loss_overall 0.2724

2026-10-01 20:22:36,605 - flashvtg_dq_cgp_v3_gmr.train - INFO - metrics_no_nms OrderedDict([   ('MR-full-R1@0.3', 64.93),
                ('MR-full-R1@0.5', 55.42),
                ('MR-full-R1@0.7', 36.55),
                ('MR-full-mAP', 39.68),
                ('MR-full-mAP@0.5', 65.98),
                ('MR-full-mAP@0.75', 39.97),
                ('MR-full-mIoU', 47.31),
                ('GMR-TPR', 90.63),
                ('GMR-TNR', 57.25),
                ('GMR-BalancedAcc', 73.94)])
2026-10-01 20:22:36,606 - flashvtg_dq_cgp_v3_gmr.train - INFO - GMR Metrics - TPR: 90.63, TNR: 57.25, BalancedAcc: 73.94
2026-10-01 20:22:36,863 - flashvtg_dq_cgp_v3_gmr.train - INFO - [Epoch 55]
2026-10-01 20:24:29,659 - flashvtg_dq_cgp_v3_gmr.train - INFO - 2026_10_01_20_24_29 [Epoch] 055 [Loss] loss_reg 0.1543 loss_cls 0.0142 loss_dq_cgp_bind 0.0421 loss_dq_cgp_route 0.0869 loss_dq_cgp_relation 0.0302 loss_dq_cgp_smooth 0.0095 loss_dq_cgp_level_js 0.5110 loss_dq_cgp_adjacent_js 0.0095 loss_dq_cgp_point_correction_ratio 0.9730 loss_dq_cgp_point_effect_js 0.0345 loss_dq_cgp_level_query_js 0.2017 loss_dq_cgp_route_load_balance 0.0677 loss_dq_cgp_route_entropy_target 0.0192 loss_dq_cgp_route_level_balance 0.0000 loss_dq_cgp_route_entropy 1.3863 loss_dq_cgp_usage_entropy 2.7049 loss_dq_cgp_effective_basis_count 14.9648 loss_dq_cgp_level_active_basis_count 4.0000 loss_dq_cgp_point_active_basis_count 4.0000 loss_dq_cgp_basis_usage_00 0.0625 loss_dq_cgp_basis_usage_01 0.0614 loss_dq_cgp_basis_usage_02 0.0627 loss_dq_cgp_basis_usage_03 0.0634 loss_dq_cgp_basis_usage_04 0.0637 loss_dq_cgp_basis_usage_05 0.0618 loss_dq_cgp_basis_usage_06 0.0635 loss_dq_cgp_basis_usage_07 0.0644 loss_dq_cgp_basis_usage_08 0.0617 loss_dq_cgp_basis_usage_09 0.0615 loss_dq_cgp_basis_usage_10 0.0636 loss_dq_cgp_basis_usage_11 0.0620 loss_dq_cgp_basis_usage_12 0.0633 loss_dq_cgp_basis_usage_13 0.0625 loss_dq_cgp_basis_usage_14 0.0615 loss_dq_cgp_basis_usage_15 0.0605 loss_dq_cgp_relation_route_js 0.0353 loss_dq_cgp_relation_attention_js 0.3814 loss_exist 0.0467 weighted_loss_overall 0.2755

2026-10-01 20:24:54,348 - flashvtg_dq_cgp_v3_gmr.train - INFO - metrics_no_nms OrderedDict([   ('MR-full-R1@0.3', 65.33),
                ('MR-full-R1@0.5', 54.89),
                ('MR-full-R1@0.7', 37.35),
                ('MR-full-mAP', 39.56),
                ('MR-full-mAP@0.5', 65.31),
                ('MR-full-mAP@0.75', 39.87),
                ('MR-full-mIoU', 47.51),
                ('GMR-TPR', 89.42),
                ('GMR-TNR', 59.61),
                ('GMR-BalancedAcc', 74.52)])
2026-10-01 20:24:54,348 - flashvtg_dq_cgp_v3_gmr.train - INFO - GMR Metrics - TPR: 89.42, TNR: 59.61, BalancedAcc: 74.52
2026-10-01 20:24:54,601 - flashvtg_dq_cgp_v3_gmr.train - INFO - [Epoch 56]
2026-10-01 20:26:47,289 - flashvtg_dq_cgp_v3_gmr.train - INFO - 2026_10_01_20_26_47 [Epoch] 056 [Loss] loss_reg 0.1536 loss_cls 0.0139 loss_dq_cgp_bind 0.0391 loss_dq_cgp_route 0.0892 loss_dq_cgp_relation 0.0318 loss_dq_cgp_smooth 0.0095 loss_dq_cgp_level_js 0.5086 loss_dq_cgp_adjacent_js 0.0095 loss_dq_cgp_point_correction_ratio 0.9724 loss_dq_cgp_point_effect_js 0.0345 loss_dq_cgp_level_query_js 0.2074 loss_dq_cgp_route_load_balance 0.0700 loss_dq_cgp_route_entropy_target 0.0192 loss_dq_cgp_route_level_balance 0.0000 loss_dq_cgp_route_entropy 1.3862 loss_dq_cgp_usage_entropy 2.7026 loss_dq_cgp_effective_basis_count 14.9358 loss_dq_cgp_level_active_basis_count 4.0000 loss_dq_cgp_point_active_basis_count 4.0000 loss_dq_cgp_basis_usage_00 0.0610 loss_dq_cgp_basis_usage_01 0.0636 loss_dq_cgp_basis_usage_02 0.0612 loss_dq_cgp_basis_usage_03 0.0620 loss_dq_cgp_basis_usage_04 0.0630 loss_dq_cgp_basis_usage_05 0.0645 loss_dq_cgp_basis_usage_06 0.0614 loss_dq_cgp_basis_usage_07 0.0635 loss_dq_cgp_basis_usage_08 0.0666 loss_dq_cgp_basis_usage_09 0.0616 loss_dq_cgp_basis_usage_10 0.0628 loss_dq_cgp_basis_usage_11 0.0602 loss_dq_cgp_basis_usage_12 0.0614 loss_dq_cgp_basis_usage_13 0.0637 loss_dq_cgp_basis_usage_14 0.0606 loss_dq_cgp_basis_usage_15 0.0628 loss_dq_cgp_relation_route_js 0.0346 loss_dq_cgp_relation_attention_js 0.3759 loss_exist 0.0425 weighted_loss_overall 0.2692

2026-10-01 20:27:11,890 - flashvtg_dq_cgp_v3_gmr.train - INFO - metrics_no_nms OrderedDict([   ('MR-full-R1@0.3', 66.53),
                ('MR-full-R1@0.5', 56.09),
                ('MR-full-R1@0.7', 36.41),
                ('MR-full-mAP', 39.86),
                ('MR-full-mAP@0.5', 66.24),
                ('MR-full-mAP@0.75', 40.4),
                ('MR-full-mIoU', 47.69),
                ('GMR-TPR', 89.56),
                ('GMR-TNR', 60.78),
                ('GMR-BalancedAcc', 75.17)])
2026-10-01 20:27:11,891 - flashvtg_dq_cgp_v3_gmr.train - INFO - GMR Metrics - TPR: 89.56, TNR: 60.78, BalancedAcc: 75.17
2026-10-01 20:27:12,143 - flashvtg_dq_cgp_v3_gmr.train - INFO - [Epoch 57]
2026-10-01 20:29:04,714 - flashvtg_dq_cgp_v3_gmr.train - INFO - 2026_10_01_20_29_04 [Epoch] 057 [Loss] loss_reg 0.1504 loss_cls 0.0137 loss_dq_cgp_bind 0.0376 loss_dq_cgp_route 0.0882 loss_dq_cgp_relation 0.0321 loss_dq_cgp_smooth 0.0095 loss_dq_cgp_level_js 0.5077 loss_dq_cgp_adjacent_js 0.0095 loss_dq_cgp_point_correction_ratio 0.9732 loss_dq_cgp_point_effect_js 0.0345 loss_dq_cgp_level_query_js 0.2108 loss_dq_cgp_route_load_balance 0.0690 loss_dq_cgp_route_entropy_target 0.0192 loss_dq_cgp_route_level_balance 0.0000 loss_dq_cgp_route_entropy 1.3862 loss_dq_cgp_usage_entropy 2.7036 loss_dq_cgp_effective_basis_count 14.9481 loss_dq_cgp_level_active_basis_count 4.0000 loss_dq_cgp_point_active_basis_count 4.0000 loss_dq_cgp_basis_usage_00 0.0613 loss_dq_cgp_basis_usage_01 0.0640 loss_dq_cgp_basis_usage_02 0.0625 loss_dq_cgp_basis_usage_03 0.0627 loss_dq_cgp_basis_usage_04 0.0625 loss_dq_cgp_basis_usage_05 0.0647 loss_dq_cgp_basis_usage_06 0.0626 loss_dq_cgp_basis_usage_07 0.0612 loss_dq_cgp_basis_usage_08 0.0651 loss_dq_cgp_basis_usage_09 0.0609 loss_dq_cgp_basis_usage_10 0.0624 loss_dq_cgp_basis_usage_11 0.0610 loss_dq_cgp_basis_usage_12 0.0628 loss_dq_cgp_basis_usage_13 0.0625 loss_dq_cgp_basis_usage_14 0.0612 loss_dq_cgp_basis_usage_15 0.0627 loss_dq_cgp_relation_route_js 0.0350 loss_dq_cgp_relation_attention_js 0.3804 loss_exist 0.0446 weighted_loss_overall 0.2667

2026-10-01 20:29:29,458 - flashvtg_dq_cgp_v3_gmr.train - INFO - metrics_no_nms OrderedDict([   ('MR-full-R1@0.3', 65.6),
                ('MR-full-R1@0.5', 55.42),
                ('MR-full-R1@0.7', 36.28),
                ('MR-full-mAP', 39.84),
                ('MR-full-mAP@0.5', 66.27),
                ('MR-full-mAP@0.75', 40.4),
                ('MR-full-mIoU', 47.56),
                ('GMR-TPR', 90.5),
                ('GMR-TNR', 57.25),
                ('GMR-BalancedAcc', 73.88)])
2026-10-01 20:29:29,458 - flashvtg_dq_cgp_v3_gmr.train - INFO - GMR Metrics - TPR: 90.50, TNR: 57.25, BalancedAcc: 73.88
2026-10-01 20:29:29,815 - flashvtg_dq_cgp_v3_gmr.train - INFO - [Epoch 58]
2026-10-01 20:31:22,481 - flashvtg_dq_cgp_v3_gmr.train - INFO - 2026_10_01_20_31_22 [Epoch] 058 [Loss] loss_reg 0.1483 loss_cls 0.0134 loss_dq_cgp_bind 0.0365 loss_dq_cgp_route 0.0896 loss_dq_cgp_relation 0.0317 loss_dq_cgp_smooth 0.0095 loss_dq_cgp_level_js 0.5065 loss_dq_cgp_adjacent_js 0.0095 loss_dq_cgp_point_correction_ratio 0.9750 loss_dq_cgp_point_effect_js 0.0346 loss_dq_cgp_level_query_js 0.2114 loss_dq_cgp_route_load_balance 0.0704 loss_dq_cgp_route_entropy_target 0.0192 loss_dq_cgp_route_level_balance 0.0000 loss_dq_cgp_route_entropy 1.3862 loss_dq_cgp_usage_entropy 2.7022 loss_dq_cgp_effective_basis_count 14.9271 loss_dq_cgp_level_active_basis_count 4.0000 loss_dq_cgp_point_active_basis_count 4.0000 loss_dq_cgp_basis_usage_00 0.0609 loss_dq_cgp_basis_usage_01 0.0633 loss_dq_cgp_basis_usage_02 0.0626 loss_dq_cgp_basis_usage_03 0.0626 loss_dq_cgp_basis_usage_04 0.0608 loss_dq_cgp_basis_usage_05 0.0651 loss_dq_cgp_basis_usage_06 0.0625 loss_dq_cgp_basis_usage_07 0.0660 loss_dq_cgp_basis_usage_08 0.0648 loss_dq_cgp_basis_usage_09 0.0616 loss_dq_cgp_basis_usage_10 0.0609 loss_dq_cgp_basis_usage_11 0.0609 loss_dq_cgp_basis_usage_12 0.0626 loss_dq_cgp_basis_usage_13 0.0613 loss_dq_cgp_basis_usage_14 0.0619 loss_dq_cgp_basis_usage_15 0.0621 loss_dq_cgp_relation_route_js 0.0352 loss_dq_cgp_relation_attention_js 0.3817 loss_exist 0.0361 weighted_loss_overall 0.2546

2026-10-01 20:31:47,146 - flashvtg_dq_cgp_v3_gmr.train - INFO - metrics_no_nms OrderedDict([   ('MR-full-R1@0.3', 66.27),
                ('MR-full-R1@0.5', 56.09),
                ('MR-full-R1@0.7', 36.95),
                ('MR-full-mAP', 39.96),
                ('MR-full-mAP@0.5', 66.35),
                ('MR-full-mAP@0.75', 39.85),
                ('MR-full-mIoU', 47.89),
                ('GMR-TPR', 88.89),
                ('GMR-TNR', 62.75),
                ('GMR-BalancedAcc', 75.82)])
2026-10-01 20:31:47,146 - flashvtg_dq_cgp_v3_gmr.train - INFO - GMR Metrics - TPR: 88.89, TNR: 62.75, BalancedAcc: 75.82
2026-10-01 20:31:47,721 - flashvtg_dq_cgp_v3_gmr.train - INFO - [Epoch 59]
2026-10-01 20:33:40,689 - flashvtg_dq_cgp_v3_gmr.train - INFO - 2026_10_01_20_33_40 [Epoch] 059 [Loss] loss_reg 0.1469 loss_cls 0.0130 loss_dq_cgp_bind 0.0354 loss_dq_cgp_route 0.0918 loss_dq_cgp_relation 0.0310 loss_dq_cgp_smooth 0.0095 loss_dq_cgp_level_js 0.5037 loss_dq_cgp_adjacent_js 0.0095 loss_dq_cgp_point_correction_ratio 0.9756 loss_dq_cgp_point_effect_js 0.0347 loss_dq_cgp_level_query_js 0.2127 loss_dq_cgp_route_load_balance 0.0726 loss_dq_cgp_route_entropy_target 0.0192 loss_dq_cgp_route_level_balance 0.0000 loss_dq_cgp_route_entropy 1.3862 loss_dq_cgp_usage_entropy 2.7000 loss_dq_cgp_effective_basis_count 14.8921 loss_dq_cgp_level_active_basis_count 4.0000 loss_dq_cgp_point_active_basis_count 4.0000 loss_dq_cgp_basis_usage_00 0.0651 loss_dq_cgp_basis_usage_01 0.0585 loss_dq_cgp_basis_usage_02 0.0666 loss_dq_cgp_basis_usage_03 0.0664 loss_dq_cgp_basis_usage_04 0.0625 loss_dq_cgp_basis_usage_05 0.0579 loss_dq_cgp_basis_usage_06 0.0668 loss_dq_cgp_basis_usage_07 0.0598 loss_dq_cgp_basis_usage_08 0.0582 loss_dq_cgp_basis_usage_09 0.0634 loss_dq_cgp_basis_usage_10 0.0607 loss_dq_cgp_basis_usage_11 0.0630 loss_dq_cgp_basis_usage_12 0.0668 loss_dq_cgp_basis_usage_13 0.0617 loss_dq_cgp_basis_usage_14 0.0651 loss_dq_cgp_basis_usage_15 0.0575 loss_dq_cgp_relation_route_js 0.0345 loss_dq_cgp_relation_attention_js 0.3740 loss_exist 0.0382 weighted_loss_overall 0.2534

2026-10-01 20:34:05,439 - flashvtg_dq_cgp_v3_gmr.train - INFO - metrics_no_nms OrderedDict([   ('MR-full-R1@0.3', 65.86),
                ('MR-full-R1@0.5', 55.42),
                ('MR-full-R1@0.7', 35.88),
                ('MR-full-mAP', 39.36),
                ('MR-full-mAP@0.5', 65.62),
                ('MR-full-mAP@0.75', 39.01),
                ('MR-full-mIoU', 47.69),
                ('GMR-TPR', 90.9),
                ('GMR-TNR', 59.22),
                ('GMR-BalancedAcc', 75.06)])
2026-10-01 20:34:05,440 - flashvtg_dq_cgp_v3_gmr.train - INFO - GMR Metrics - TPR: 90.90, TNR: 59.22, BalancedAcc: 75.06
2026-10-01 20:34:05,821 - flashvtg_dq_cgp_v3_gmr.train - INFO - [Epoch 60]
2026-10-01 20:35:58,851 - flashvtg_dq_cgp_v3_gmr.train - INFO - 2026_10_01_20_35_58 [Epoch] 060 [Loss] loss_reg 0.1455 loss_cls 0.0128 loss_dq_cgp_bind 0.0364 loss_dq_cgp_route 0.0893 loss_dq_cgp_relation 0.0312 loss_dq_cgp_smooth 0.0095 loss_dq_cgp_level_js 0.5006 loss_dq_cgp_adjacent_js 0.0095 loss_dq_cgp_point_correction_ratio 0.9762 loss_dq_cgp_point_effect_js 0.0347 loss_dq_cgp_level_query_js 0.2170 loss_dq_cgp_route_load_balance 0.0701 loss_dq_cgp_route_entropy_target 0.0192 loss_dq_cgp_route_level_balance 0.0000 loss_dq_cgp_route_entropy 1.3862 loss_dq_cgp_usage_entropy 2.7025 loss_dq_cgp_effective_basis_count 14.9282 loss_dq_cgp_level_active_basis_count 4.0000 loss_dq_cgp_point_active_basis_count 4.0000 loss_dq_cgp_basis_usage_00 0.0626 loss_dq_cgp_basis_usage_01 0.0615 loss_dq_cgp_basis_usage_02 0.0629 loss_dq_cgp_basis_usage_03 0.0628 loss_dq_cgp_basis_usage_04 0.0625 loss_dq_cgp_basis_usage_05 0.0639 loss_dq_cgp_basis_usage_06 0.0632 loss_dq_cgp_basis_usage_07 0.0637 loss_dq_cgp_basis_usage_08 0.0633 loss_dq_cgp_basis_usage_09 0.0630 loss_dq_cgp_basis_usage_10 0.0608 loss_dq_cgp_basis_usage_11 0.0628 loss_dq_cgp_basis_usage_12 0.0625 loss_dq_cgp_basis_usage_13 0.0617 loss_dq_cgp_basis_usage_14 0.0618 loss_dq_cgp_basis_usage_15 0.0609 loss_dq_cgp_relation_route_js 0.0343 loss_dq_cgp_relation_attention_js 0.3719 loss_exist 0.0357 weighted_loss_overall 0.2485

2026-10-01 20:36:24,064 - flashvtg_dq_cgp_v3_gmr.train - INFO - metrics_no_nms OrderedDict([   ('MR-full-R1@0.3', 66.13),
                ('MR-full-R1@0.5', 55.56),
                ('MR-full-R1@0.7', 36.95),
                ('MR-full-mAP', 39.58),
                ('MR-full-mAP@0.5', 66.17),
                ('MR-full-mAP@0.75', 39.7),
                ('MR-full-mIoU', 47.83),
                ('GMR-TPR', 90.76),
                ('GMR-TNR', 56.86),
                ('GMR-BalancedAcc', 73.81)])
2026-10-01 20:36:24,064 - flashvtg_dq_cgp_v3_gmr.train - INFO - GMR Metrics - TPR: 90.76, TNR: 56.86, BalancedAcc: 73.81
2026-10-01 20:36:24,332 - flashvtg_dq_cgp_v3_gmr.train - INFO - [Epoch 61]
2026-10-01 20:38:19,151 - flashvtg_dq_cgp_v3_gmr.train - INFO - 2026_10_01_20_38_19 [Epoch] 061 [Loss] loss_reg 0.1428 loss_cls 0.0123 loss_dq_cgp_bind 0.0346 loss_dq_cgp_route 0.0908 loss_dq_cgp_relation 0.0305 loss_dq_cgp_smooth 0.0094 loss_dq_cgp_level_js 0.5012 loss_dq_cgp_adjacent_js 0.0094 loss_dq_cgp_point_correction_ratio 0.9773 loss_dq_cgp_point_effect_js 0.0348 loss_dq_cgp_level_query_js 0.2129 loss_dq_cgp_route_load_balance 0.0716 loss_dq_cgp_route_entropy_target 0.0192 loss_dq_cgp_route_level_balance 0.0000 loss_dq_cgp_route_entropy 1.3862 loss_dq_cgp_usage_entropy 2.7010 loss_dq_cgp_effective_basis_count 14.9068 loss_dq_cgp_level_active_basis_count 4.0000 loss_dq_cgp_point_active_basis_count 4.0000 loss_dq_cgp_basis_usage_00 0.0606 loss_dq_cgp_basis_usage_01 0.0619 loss_dq_cgp_basis_usage_02 0.0621 loss_dq_cgp_basis_usage_03 0.0623 loss_dq_cgp_basis_usage_04 0.0657 loss_dq_cgp_basis_usage_05 0.0636 loss_dq_cgp_basis_usage_06 0.0623 loss_dq_cgp_basis_usage_07 0.0619 loss_dq_cgp_basis_usage_08 0.0660 loss_dq_cgp_basis_usage_09 0.0625 loss_dq_cgp_basis_usage_10 0.0637 loss_dq_cgp_basis_usage_11 0.0600 loss_dq_cgp_basis_usage_12 0.0622 loss_dq_cgp_basis_usage_13 0.0631 loss_dq_cgp_basis_usage_14 0.0607 loss_dq_cgp_basis_usage_15 0.0614 loss_dq_cgp_relation_route_js 0.0346 loss_dq_cgp_relation_attention_js 0.3732 loss_exist 0.0418 weighted_loss_overall 0.2492

2026-10-01 20:38:44,443 - flashvtg_dq_cgp_v3_gmr.train - INFO - metrics_no_nms OrderedDict([   ('MR-full-R1@0.3', 65.73),
                ('MR-full-R1@0.5', 55.02),
                ('MR-full-R1@0.7', 36.14),
                ('MR-full-mAP', 39.41),
                ('MR-full-mAP@0.5', 65.31),
                ('MR-full-mAP@0.75', 38.87),
                ('MR-full-mIoU', 47.48),
                ('GMR-TPR', 90.63),
                ('GMR-TNR', 58.43),
                ('GMR-BalancedAcc', 74.53)])
2026-10-01 20:38:44,444 - flashvtg_dq_cgp_v3_gmr.train - INFO - GMR Metrics - TPR: 90.63, TNR: 58.43, BalancedAcc: 74.53
2026-10-01 20:38:44,709 - flashvtg_dq_cgp_v3_gmr.train - INFO - [Epoch 62]
2026-10-01 20:40:39,331 - flashvtg_dq_cgp_v3_gmr.train - INFO - 2026_10_01_20_40_39 [Epoch] 062 [Loss] loss_reg 0.1421 loss_cls 0.0122 loss_dq_cgp_bind 0.0357 loss_dq_cgp_route 0.0911 loss_dq_cgp_relation 0.0295 loss_dq_cgp_smooth 0.0094 loss_dq_cgp_level_js 0.5002 loss_dq_cgp_adjacent_js 0.0094 loss_dq_cgp_point_correction_ratio 0.9775 loss_dq_cgp_point_effect_js 0.0348 loss_dq_cgp_level_query_js 0.2130 loss_dq_cgp_route_load_balance 0.0719 loss_dq_cgp_route_entropy_target 0.0192 loss_dq_cgp_route_level_balance 0.0000 loss_dq_cgp_route_entropy 1.3862 loss_dq_cgp_usage_entropy 2.7007 loss_dq_cgp_effective_basis_count 14.9024 loss_dq_cgp_level_active_basis_count 4.0000 loss_dq_cgp_point_active_basis_count 4.0000 loss_dq_cgp_basis_usage_00 0.0603 loss_dq_cgp_basis_usage_01 0.0637 loss_dq_cgp_basis_usage_02 0.0633 loss_dq_cgp_basis_usage_03 0.0639 loss_dq_cgp_basis_usage_04 0.0636 loss_dq_cgp_basis_usage_05 0.0624 loss_dq_cgp_basis_usage_06 0.0635 loss_dq_cgp_basis_usage_07 0.0648 loss_dq_cgp_basis_usage_08 0.0655 loss_dq_cgp_basis_usage_09 0.0614 loss_dq_cgp_basis_usage_10 0.0617 loss_dq_cgp_basis_usage_11 0.0597 loss_dq_cgp_basis_usage_12 0.0639 loss_dq_cgp_basis_usage_13 0.0610 loss_dq_cgp_basis_usage_14 0.0606 loss_dq_cgp_basis_usage_15 0.0608 loss_dq_cgp_relation_route_js 0.0335 loss_dq_cgp_relation_attention_js 0.3617 loss_exist 0.0343 weighted_loss_overall 0.2408

2026-10-01 20:41:04,184 - flashvtg_dq_cgp_v3_gmr.train - INFO - metrics_no_nms OrderedDict([   ('MR-full-R1@0.3', 64.12),
                ('MR-full-R1@0.5', 52.74),
                ('MR-full-R1@0.7', 35.07),
                ('MR-full-mAP', 38.75),
                ('MR-full-mAP@0.5', 64.13),
                ('MR-full-mAP@0.75', 38.05),
                ('MR-full-mIoU', 46.33),
                ('GMR-TPR', 88.76),
                ('GMR-TNR', 60.2),
                ('GMR-BalancedAcc', 74.48)])
2026-10-01 20:41:04,185 - flashvtg_dq_cgp_v3_gmr.train - INFO - GMR Metrics - TPR: 88.76, TNR: 60.20, BalancedAcc: 74.48
2026-10-01 20:41:04,439 - flashvtg_dq_cgp_v3_gmr.train - INFO - [Epoch 63]
2026-10-01 20:42:56,391 - flashvtg_dq_cgp_v3_gmr.train - INFO - 2026_10_01_20_42_56 [Epoch] 063 [Loss] loss_reg 0.1409 loss_cls 0.0121 loss_dq_cgp_bind 0.0337 loss_dq_cgp_route 0.0911 loss_dq_cgp_relation 0.0291 loss_dq_cgp_smooth 0.0094 loss_dq_cgp_level_js 0.5039 loss_dq_cgp_adjacent_js 0.0094 loss_dq_cgp_point_correction_ratio 0.9781 loss_dq_cgp_point_effect_js 0.0348 loss_dq_cgp_level_query_js 0.2107 loss_dq_cgp_route_load_balance 0.0719 loss_dq_cgp_route_entropy_target 0.0192 loss_dq_cgp_route_level_balance 0.0000 loss_dq_cgp_route_entropy 1.3862 loss_dq_cgp_usage_entropy 2.7006 loss_dq_cgp_effective_basis_count 14.9046 loss_dq_cgp_level_active_basis_count 4.0000 loss_dq_cgp_point_active_basis_count 4.0000 loss_dq_cgp_basis_usage_00 0.0618 loss_dq_cgp_basis_usage_01 0.0625 loss_dq_cgp_basis_usage_02 0.0627 loss_dq_cgp_basis_usage_03 0.0626 loss_dq_cgp_basis_usage_04 0.0656 loss_dq_cgp_basis_usage_05 0.0601 loss_dq_cgp_basis_usage_06 0.0625 loss_dq_cgp_basis_usage_07 0.0611 loss_dq_cgp_basis_usage_08 0.0619 loss_dq_cgp_basis_usage_09 0.0637 loss_dq_cgp_basis_usage_10 0.0635 loss_dq_cgp_basis_usage_11 0.0614 loss_dq_cgp_basis_usage_12 0.0626 loss_dq_cgp_basis_usage_13 0.0638 loss_dq_cgp_basis_usage_14 0.0615 loss_dq_cgp_basis_usage_15 0.0628 loss_dq_cgp_relation_route_js 0.0343 loss_dq_cgp_relation_attention_js 0.3696 loss_exist 0.0360 weighted_loss_overall 0.2405

2026-10-01 20:43:21,094 - flashvtg_dq_cgp_v3_gmr.train - INFO - metrics_no_nms OrderedDict([   ('MR-full-R1@0.3', 66.0),
                ('MR-full-R1@0.5', 54.89),
                ('MR-full-R1@0.7', 37.22),
                ('MR-full-mAP', 39.69),
                ('MR-full-mAP@0.5', 65.79),
                ('MR-full-mAP@0.75', 39.92),
                ('MR-full-mIoU', 47.23),
                ('GMR-TPR', 91.03),
                ('GMR-TNR', 55.29),
                ('GMR-BalancedAcc', 73.16)])
2026-10-01 20:43:21,095 - flashvtg_dq_cgp_v3_gmr.train - INFO - GMR Metrics - TPR: 91.03, TNR: 55.29, BalancedAcc: 73.16
2026-10-01 20:43:21,342 - flashvtg_dq_cgp_v3_gmr.train - INFO - [Epoch 64]
2026-10-01 20:45:13,119 - flashvtg_dq_cgp_v3_gmr.train - INFO - 2026_10_01_20_45_13 [Epoch] 064 [Loss] loss_reg 0.1402 loss_cls 0.0120 loss_dq_cgp_bind 0.0342 loss_dq_cgp_route 0.0886 loss_dq_cgp_relation 0.0292 loss_dq_cgp_smooth 0.0094 loss_dq_cgp_level_js 0.5033 loss_dq_cgp_adjacent_js 0.0094 loss_dq_cgp_point_correction_ratio 0.9780 loss_dq_cgp_point_effect_js 0.0348 loss_dq_cgp_level_query_js 0.2121 loss_dq_cgp_route_load_balance 0.0694 loss_dq_cgp_route_entropy_target 0.0192 loss_dq_cgp_route_level_balance 0.0000 loss_dq_cgp_route_entropy 1.3862 loss_dq_cgp_usage_entropy 2.7032 loss_dq_cgp_effective_basis_count 14.9398 loss_dq_cgp_level_active_basis_count 4.0000 loss_dq_cgp_point_active_basis_count 4.0000 loss_dq_cgp_basis_usage_00 0.0623 loss_dq_cgp_basis_usage_01 0.0628 loss_dq_cgp_basis_usage_02 0.0642 loss_dq_cgp_basis_usage_03 0.0640 loss_dq_cgp_basis_usage_04 0.0600 loss_dq_cgp_basis_usage_05 0.0622 loss_dq_cgp_basis_usage_06 0.0636 loss_dq_cgp_basis_usage_07 0.0654 loss_dq_cgp_basis_usage_08 0.0654 loss_dq_cgp_basis_usage_09 0.0616 loss_dq_cgp_basis_usage_10 0.0604 loss_dq_cgp_basis_usage_11 0.0602 loss_dq_cgp_basis_usage_12 0.0637 loss_dq_cgp_basis_usage_13 0.0606 loss_dq_cgp_basis_usage_14 0.0613 loss_dq_cgp_basis_usage_15 0.0624 loss_dq_cgp_relation_route_js 0.0337 loss_dq_cgp_relation_attention_js 0.3636 loss_exist 0.0365 weighted_loss_overall 0.2398

2026-10-01 20:45:38,135 - flashvtg_dq_cgp_v3_gmr.train - INFO - metrics_no_nms OrderedDict([   ('MR-full-R1@0.3', 66.13),
                ('MR-full-R1@0.5', 55.96),
                ('MR-full-R1@0.7', 37.08),
                ('MR-full-mAP', 40.14),
                ('MR-full-mAP@0.5', 66.36),
                ('MR-full-mAP@0.75', 40.5),
                ('MR-full-mIoU', 48.11),
                ('GMR-TPR', 91.43),
                ('GMR-TNR', 55.49),
                ('GMR-BalancedAcc', 73.46)])
2026-10-01 20:45:38,135 - flashvtg_dq_cgp_v3_gmr.train - INFO - GMR Metrics - TPR: 91.43, TNR: 55.49, BalancedAcc: 73.46
2026-10-01 20:45:38,390 - flashvtg_dq_cgp_v3_gmr.train - INFO - [Epoch 65]
2026-10-01 20:47:30,994 - flashvtg_dq_cgp_v3_gmr.train - INFO - 2026_10_01_20_47_30 [Epoch] 065 [Loss] loss_reg 0.1398 loss_cls 0.0117 loss_dq_cgp_bind 0.0336 loss_dq_cgp_route 0.0895 loss_dq_cgp_relation 0.0289 loss_dq_cgp_smooth 0.0094 loss_dq_cgp_level_js 0.5073 loss_dq_cgp_adjacent_js 0.0094 loss_dq_cgp_point_correction_ratio 0.9792 loss_dq_cgp_point_effect_js 0.0349 loss_dq_cgp_level_query_js 0.2091 loss_dq_cgp_route_load_balance 0.0703 loss_dq_cgp_route_entropy_target 0.0192 loss_dq_cgp_route_level_balance 0.0000 loss_dq_cgp_route_entropy 1.3862 loss_dq_cgp_usage_entropy 2.7023 loss_dq_cgp_effective_basis_count 14.9281 loss_dq_cgp_level_active_basis_count 4.0000 loss_dq_cgp_point_active_basis_count 4.0000 loss_dq_cgp_basis_usage_00 0.0604 loss_dq_cgp_basis_usage_01 0.0641 loss_dq_cgp_basis_usage_02 0.0618 loss_dq_cgp_basis_usage_03 0.0614 loss_dq_cgp_basis_usage_04 0.0627 loss_dq_cgp_basis_usage_05 0.0630 loss_dq_cgp_basis_usage_06 0.0615 loss_dq_cgp_basis_usage_07 0.0666 loss_dq_cgp_basis_usage_08 0.0644 loss_dq_cgp_basis_usage_09 0.0612 loss_dq_cgp_basis_usage_10 0.0643 loss_dq_cgp_basis_usage_11 0.0613 loss_dq_cgp_basis_usage_12 0.0614 loss_dq_cgp_basis_usage_13 0.0623 loss_dq_cgp_basis_usage_14 0.0611 loss_dq_cgp_basis_usage_15 0.0625 loss_dq_cgp_relation_route_js 0.0333 loss_dq_cgp_relation_attention_js 0.3598 loss_exist 0.0329 weighted_loss_overall 0.2342

2026-10-01 20:47:55,787 - flashvtg_dq_cgp_v3_gmr.train - INFO - metrics_no_nms OrderedDict([   ('MR-full-R1@0.3', 66.4),
                ('MR-full-R1@0.5', 55.69),
                ('MR-full-R1@0.7', 34.81),
                ('MR-full-mAP', 39.57),
                ('MR-full-mAP@0.5', 66.17),
                ('MR-full-mAP@0.75', 39.6),
                ('MR-full-mIoU', 47.78),
                ('GMR-TPR', 89.56),
                ('GMR-TNR', 58.82),
                ('GMR-BalancedAcc', 74.19)])
2026-10-01 20:47:55,788 - flashvtg_dq_cgp_v3_gmr.train - INFO - GMR Metrics - TPR: 89.56, TNR: 58.82, BalancedAcc: 74.19
2026-10-01 20:47:56,033 - flashvtg_dq_cgp_v3_gmr.train - INFO - [Epoch 66]
2026-10-01 20:49:57,176 - flashvtg_dq_cgp_v3_gmr.train - INFO - 2026_10_01_20_49_57 [Epoch] 066 [Loss] loss_reg 0.1367 loss_cls 0.0114 loss_dq_cgp_bind 0.0334 loss_dq_cgp_route 0.0897 loss_dq_cgp_relation 0.0285 loss_dq_cgp_smooth 0.0094 loss_dq_cgp_level_js 0.5081 loss_dq_cgp_adjacent_js 0.0094 loss_dq_cgp_point_correction_ratio 0.9792 loss_dq_cgp_point_effect_js 0.0349 loss_dq_cgp_level_query_js 0.2080 loss_dq_cgp_route_load_balance 0.0705 loss_dq_cgp_route_entropy_target 0.0192 loss_dq_cgp_route_level_balance 0.0000 loss_dq_cgp_route_entropy 1.3862 loss_dq_cgp_usage_entropy 2.7021 loss_dq_cgp_effective_basis_count 14.9229 loss_dq_cgp_level_active_basis_count 4.0000 loss_dq_cgp_point_active_basis_count 4.0000 loss_dq_cgp_basis_usage_00 0.0634 loss_dq_cgp_basis_usage_01 0.0603 loss_dq_cgp_basis_usage_02 0.0632 loss_dq_cgp_basis_usage_03 0.0638 loss_dq_cgp_basis_usage_04 0.0616 loss_dq_cgp_basis_usage_05 0.0608 loss_dq_cgp_basis_usage_06 0.0638 loss_dq_cgp_basis_usage_07 0.0617 loss_dq_cgp_basis_usage_08 0.0615 loss_dq_cgp_basis_usage_09 0.0632 loss_dq_cgp_basis_usage_10 0.0621 loss_dq_cgp_basis_usage_11 0.0641 loss_dq_cgp_basis_usage_12 0.0639 loss_dq_cgp_basis_usage_13 0.0611 loss_dq_cgp_basis_usage_14 0.0641 loss_dq_cgp_basis_usage_15 0.0613 loss_dq_cgp_relation_route_js 0.0335 loss_dq_cgp_relation_attention_js 0.3609 loss_exist 0.0287 weighted_loss_overall 0.2255

2026-10-01 20:50:26,445 - flashvtg_dq_cgp_v3_gmr.train - INFO - metrics_no_nms OrderedDict([   ('MR-full-R1@0.3', 67.87),
                ('MR-full-R1@0.5', 56.36),
                ('MR-full-R1@0.7', 37.88),
                ('MR-full-mAP', 40.39),
                ('MR-full-mAP@0.5', 66.26),
                ('MR-full-mAP@0.75', 40.33),
                ('MR-full-mIoU', 48.95),
                ('GMR-TPR', 89.56),
                ('GMR-TNR', 62.75),
                ('GMR-BalancedAcc', 76.15)])
2026-10-01 20:50:26,445 - flashvtg_dq_cgp_v3_gmr.train - INFO - GMR Metrics - TPR: 89.56, TNR: 62.75, BalancedAcc: 76.15
2026-10-01 20:50:27,395 - flashvtg_dq_cgp_v3_gmr.train - INFO - [Epoch 67]
2026-10-01 20:52:33,679 - flashvtg_dq_cgp_v3_gmr.train - INFO - 2026_10_01_20_52_33 [Epoch] 067 [Loss] loss_reg 0.1358 loss_cls 0.0114 loss_dq_cgp_bind 0.0327 loss_dq_cgp_route 0.0896 loss_dq_cgp_relation 0.0288 loss_dq_cgp_smooth 0.0094 loss_dq_cgp_level_js 0.5096 loss_dq_cgp_adjacent_js 0.0094 loss_dq_cgp_point_correction_ratio 0.9798 loss_dq_cgp_point_effect_js 0.0350 loss_dq_cgp_level_query_js 0.2058 loss_dq_cgp_route_load_balance 0.0704 loss_dq_cgp_route_entropy_target 0.0192 loss_dq_cgp_route_level_balance 0.0000 loss_dq_cgp_route_entropy 1.3862 loss_dq_cgp_usage_entropy 2.7022 loss_dq_cgp_effective_basis_count 14.9248 loss_dq_cgp_level_active_basis_count 4.0000 loss_dq_cgp_point_active_basis_count 4.0000 loss_dq_cgp_basis_usage_00 0.0617 loss_dq_cgp_basis_usage_01 0.0607 loss_dq_cgp_basis_usage_02 0.0626 loss_dq_cgp_basis_usage_03 0.0629 loss_dq_cgp_basis_usage_04 0.0627 loss_dq_cgp_basis_usage_05 0.0638 loss_dq_cgp_basis_usage_06 0.0629 loss_dq_cgp_basis_usage_07 0.0624 loss_dq_cgp_basis_usage_08 0.0618 loss_dq_cgp_basis_usage_09 0.0631 loss_dq_cgp_basis_usage_10 0.0634 loss_dq_cgp_basis_usage_11 0.0629 loss_dq_cgp_basis_usage_12 0.0628 loss_dq_cgp_basis_usage_13 0.0621 loss_dq_cgp_basis_usage_14 0.0636 loss_dq_cgp_basis_usage_15 0.0606 loss_dq_cgp_relation_route_js 0.0336 loss_dq_cgp_relation_attention_js 0.3608 loss_exist 0.0357 weighted_loss_overall 0.2315

2026-10-01 20:52:58,643 - flashvtg_dq_cgp_v3_gmr.train - INFO - metrics_no_nms OrderedDict([   ('MR-full-R1@0.3', 65.73),
                ('MR-full-R1@0.5', 55.29),
                ('MR-full-R1@0.7', 36.01),
                ('MR-full-mAP', 40.08),
                ('MR-full-mAP@0.5', 66.15),
                ('MR-full-mAP@0.75', 40.15),
                ('MR-full-mIoU', 47.86),
                ('GMR-TPR', 91.16),
                ('GMR-TNR', 61.18),
                ('GMR-BalancedAcc', 76.17)])
2026-10-01 20:52:58,644 - flashvtg_dq_cgp_v3_gmr.train - INFO - GMR Metrics - TPR: 91.16, TNR: 61.18, BalancedAcc: 76.17
2026-10-01 20:52:58,903 - flashvtg_dq_cgp_v3_gmr.train - INFO - [Epoch 68]
2026-10-01 20:54:53,586 - flashvtg_dq_cgp_v3_gmr.train - INFO - 2026_10_01_20_54_53 [Epoch] 068 [Loss] loss_reg 0.1341 loss_cls 0.0110 loss_dq_cgp_bind 0.0332 loss_dq_cgp_route 0.0896 loss_dq_cgp_relation 0.0289 loss_dq_cgp_smooth 0.0093 loss_dq_cgp_level_js 0.5068 loss_dq_cgp_adjacent_js 0.0093 loss_dq_cgp_point_correction_ratio 0.9795 loss_dq_cgp_point_effect_js 0.0349 loss_dq_cgp_level_query_js 0.2066 loss_dq_cgp_route_load_balance 0.0704 loss_dq_cgp_route_entropy_target 0.0192 loss_dq_cgp_route_level_balance 0.0000 loss_dq_cgp_route_entropy 1.3862 loss_dq_cgp_usage_entropy 2.7022 loss_dq_cgp_effective_basis_count 14.9244 loss_dq_cgp_level_active_basis_count 4.0000 loss_dq_cgp_point_active_basis_count 4.0000 loss_dq_cgp_basis_usage_00 0.0577 loss_dq_cgp_basis_usage_01 0.0678 loss_dq_cgp_basis_usage_02 0.0604 loss_dq_cgp_basis_usage_03 0.0605 loss_dq_cgp_basis_usage_04 0.0652 loss_dq_cgp_basis_usage_05 0.0658 loss_dq_cgp_basis_usage_06 0.0602 loss_dq_cgp_basis_usage_07 0.0691 loss_dq_cgp_basis_usage_08 0.0691 loss_dq_cgp_basis_usage_09 0.0559 loss_dq_cgp_basis_usage_10 0.0647 loss_dq_cgp_basis_usage_11 0.0581 loss_dq_cgp_basis_usage_12 0.0602 loss_dq_cgp_basis_usage_13 0.0613 loss_dq_cgp_basis_usage_14 0.0586 loss_dq_cgp_basis_usage_15 0.0654 loss_dq_cgp_relation_route_js 0.0332 loss_dq_cgp_relation_attention_js 0.3579 loss_exist 0.0346 weighted_loss_overall 0.2268

2026-10-01 20:55:19,484 - flashvtg_dq_cgp_v3_gmr.train - INFO - metrics_no_nms OrderedDict([   ('MR-full-R1@0.3', 66.8),
                ('MR-full-R1@0.5', 56.63),
                ('MR-full-R1@0.7', 36.14),
                ('MR-full-mAP', 40.04),
                ('MR-full-mAP@0.5', 66.22),
                ('MR-full-mAP@0.75', 40.63),
                ('MR-full-mIoU', 48.48),
                ('GMR-TPR', 91.16),
                ('GMR-TNR', 57.65),
                ('GMR-BalancedAcc', 74.41)])
2026-10-01 20:55:19,485 - flashvtg_dq_cgp_v3_gmr.train - INFO - GMR Metrics - TPR: 91.16, TNR: 57.65, BalancedAcc: 74.41
2026-10-01 20:55:19,881 - flashvtg_dq_cgp_v3_gmr.train - INFO - [Epoch 69]
2026-10-01 20:57:12,847 - flashvtg_dq_cgp_v3_gmr.train - INFO - 2026_10_01_20_57_12 [Epoch] 069 [Loss] loss_reg 0.1335 loss_cls 0.0107 loss_dq_cgp_bind 0.0322 loss_dq_cgp_route 0.0895 loss_dq_cgp_relation 0.0287 loss_dq_cgp_smooth 0.0093 loss_dq_cgp_level_js 0.5041 loss_dq_cgp_adjacent_js 0.0093 loss_dq_cgp_point_correction_ratio 0.9800 loss_dq_cgp_point_effect_js 0.0350 loss_dq_cgp_level_query_js 0.2095 loss_dq_cgp_route_load_balance 0.0703 loss_dq_cgp_route_entropy_target 0.0192 loss_dq_cgp_route_level_balance 0.0000 loss_dq_cgp_route_entropy 1.3862 loss_dq_cgp_usage_entropy 2.7023 loss_dq_cgp_effective_basis_count 14.9259 loss_dq_cgp_level_active_basis_count 4.0000 loss_dq_cgp_point_active_basis_count 4.0000 loss_dq_cgp_basis_usage_00 0.0612 loss_dq_cgp_basis_usage_01 0.0634 loss_dq_cgp_basis_usage_02 0.0613 loss_dq_cgp_basis_usage_03 0.0619 loss_dq_cgp_basis_usage_04 0.0625 loss_dq_cgp_basis_usage_05 0.0660 loss_dq_cgp_basis_usage_06 0.0619 loss_dq_cgp_basis_usage_07 0.0629 loss_dq_cgp_basis_usage_08 0.0662 loss_dq_cgp_basis_usage_09 0.0604 loss_dq_cgp_basis_usage_10 0.0623 loss_dq_cgp_basis_usage_11 0.0615 loss_dq_cgp_basis_usage_12 0.0619 loss_dq_cgp_basis_usage_13 0.0615 loss_dq_cgp_basis_usage_14 0.0617 loss_dq_cgp_basis_usage_15 0.0634 loss_dq_cgp_relation_route_js 0.0337 loss_dq_cgp_relation_attention_js 0.3625 loss_exist 0.0288 weighted_loss_overall 0.2189

2026-10-01 20:57:37,543 - flashvtg_dq_cgp_v3_gmr.train - INFO - metrics_no_nms OrderedDict([   ('MR-full-R1@0.3', 65.46),
                ('MR-full-R1@0.5', 55.82),
                ('MR-full-R1@0.7', 35.34),
                ('MR-full-mAP', 39.84),
                ('MR-full-mAP@0.5', 65.7),
                ('MR-full-mAP@0.75', 39.58),
                ('MR-full-mIoU', 47.65),
                ('GMR-TPR', 90.23),
                ('GMR-TNR', 60.59),
                ('GMR-BalancedAcc', 75.41)])
2026-10-01 20:57:37,544 - flashvtg_dq_cgp_v3_gmr.train - INFO - GMR Metrics - TPR: 90.23, TNR: 60.59, BalancedAcc: 75.41
2026-10-01 20:57:37,799 - flashvtg_dq_cgp_v3_gmr.train - INFO - [Epoch 70]
2026-10-01 20:59:29,958 - flashvtg_dq_cgp_v3_gmr.train - INFO - 2026_10_01_20_59_29 [Epoch] 070 [Loss] loss_reg 0.1320 loss_cls 0.0106 loss_dq_cgp_bind 0.0324 loss_dq_cgp_route 0.0884 loss_dq_cgp_relation 0.0284 loss_dq_cgp_smooth 0.0094 loss_dq_cgp_level_js 0.5104 loss_dq_cgp_adjacent_js 0.0094 loss_dq_cgp_point_correction_ratio 0.9798 loss_dq_cgp_point_effect_js 0.0349 loss_dq_cgp_level_query_js 0.2044 loss_dq_cgp_route_load_balance 0.0693 loss_dq_cgp_route_entropy_target 0.0192 loss_dq_cgp_route_level_balance 0.0000 loss_dq_cgp_route_entropy 1.3862 loss_dq_cgp_usage_entropy 2.7033 loss_dq_cgp_effective_basis_count 14.9412 loss_dq_cgp_level_active_basis_count 4.0000 loss_dq_cgp_point_active_basis_count 4.0000 loss_dq_cgp_basis_usage_00 0.0630 loss_dq_cgp_basis_usage_01 0.0609 loss_dq_cgp_basis_usage_02 0.0643 loss_dq_cgp_basis_usage_03 0.0650 loss_dq_cgp_basis_usage_04 0.0611 loss_dq_cgp_basis_usage_05 0.0594 loss_dq_cgp_basis_usage_06 0.0653 loss_dq_cgp_basis_usage_07 0.0557 loss_dq_cgp_basis_usage_08 0.0659 loss_dq_cgp_basis_usage_09 0.0645 loss_dq_cgp_basis_usage_10 0.0605 loss_dq_cgp_basis_usage_11 0.0645 loss_dq_cgp_basis_usage_12 0.0650 loss_dq_cgp_basis_usage_13 0.0622 loss_dq_cgp_basis_usage_14 0.0615 loss_dq_cgp_basis_usage_15 0.0612 loss_dq_cgp_relation_route_js 0.0330 loss_dq_cgp_relation_attention_js 0.3559 loss_exist 0.0300 weighted_loss_overall 0.2179

2026-10-01 20:59:54,927 - flashvtg_dq_cgp_v3_gmr.train - INFO - metrics_no_nms OrderedDict([   ('MR-full-R1@0.3', 65.86),
                ('MR-full-R1@0.5', 55.29),
                ('MR-full-R1@0.7', 35.21),
                ('MR-full-mAP', 39.81),
                ('MR-full-mAP@0.5', 65.96),
                ('MR-full-mAP@0.75', 39.4),
                ('MR-full-mIoU', 48.03),
                ('GMR-TPR', 90.36),
                ('GMR-TNR', 60.39),
                ('GMR-BalancedAcc', 75.38)])
2026-10-01 20:59:54,928 - flashvtg_dq_cgp_v3_gmr.train - INFO - GMR Metrics - TPR: 90.36, TNR: 60.39, BalancedAcc: 75.38
2026-10-01 20:59:55,187 - flashvtg_dq_cgp_v3_gmr.train - INFO - [Epoch 71]
2026-10-01 21:01:46,828 - flashvtg_dq_cgp_v3_gmr.train - INFO - 2026_10_01_21_01_46 [Epoch] 071 [Loss] loss_reg 0.1316 loss_cls 0.0105 loss_dq_cgp_bind 0.0352 loss_dq_cgp_route 0.0873 loss_dq_cgp_relation 0.0280 loss_dq_cgp_smooth 0.0095 loss_dq_cgp_level_js 0.5121 loss_dq_cgp_adjacent_js 0.0095 loss_dq_cgp_point_correction_ratio 0.9799 loss_dq_cgp_point_effect_js 0.0349 loss_dq_cgp_level_query_js 0.2042 loss_dq_cgp_route_load_balance 0.0681 loss_dq_cgp_route_entropy_target 0.0192 loss_dq_cgp_route_level_balance 0.0000 loss_dq_cgp_route_entropy 1.3862 loss_dq_cgp_usage_entropy 2.7045 loss_dq_cgp_effective_basis_count 14.9570 loss_dq_cgp_level_active_basis_count 4.0000 loss_dq_cgp_point_active_basis_count 4.0000 loss_dq_cgp_basis_usage_00 0.0636 loss_dq_cgp_basis_usage_01 0.0609 loss_dq_cgp_basis_usage_02 0.0661 loss_dq_cgp_basis_usage_03 0.0656 loss_dq_cgp_basis_usage_04 0.0597 loss_dq_cgp_basis_usage_05 0.0613 loss_dq_cgp_basis_usage_06 0.0657 loss_dq_cgp_basis_usage_07 0.0593 loss_dq_cgp_basis_usage_08 0.0606 loss_dq_cgp_basis_usage_09 0.0629 loss_dq_cgp_basis_usage_10 0.0620 loss_dq_cgp_basis_usage_11 0.0621 loss_dq_cgp_basis_usage_12 0.0663 loss_dq_cgp_basis_usage_13 0.0602 loss_dq_cgp_basis_usage_14 0.0650 loss_dq_cgp_basis_usage_15 0.0586 loss_dq_cgp_relation_route_js 0.0326 loss_dq_cgp_relation_attention_js 0.3511 loss_exist 0.0388 weighted_loss_overall 0.2263

2026-10-01 21:02:11,517 - flashvtg_dq_cgp_v3_gmr.train - INFO - metrics_no_nms OrderedDict([   ('MR-full-R1@0.3', 65.73),
                ('MR-full-R1@0.5', 55.96),
                ('MR-full-R1@0.7', 36.81),
                ('MR-full-mAP', 40.15),
                ('MR-full-mAP@0.5', 65.94),
                ('MR-full-mAP@0.75', 39.64),
                ('MR-full-mIoU', 48.04),
                ('GMR-TPR', 89.96),
                ('GMR-TNR', 62.55),
                ('GMR-BalancedAcc', 76.25)])
2026-10-01 21:02:11,518 - flashvtg_dq_cgp_v3_gmr.train - INFO - GMR Metrics - TPR: 89.96, TNR: 62.55, BalancedAcc: 76.25
2026-10-01 21:02:11,788 - flashvtg_dq_cgp_v3_gmr.train - INFO - [Epoch 72]
2026-10-01 21:04:03,904 - flashvtg_dq_cgp_v3_gmr.train - INFO - 2026_10_01_21_04_03 [Epoch] 072 [Loss] loss_reg 0.1301 loss_cls 0.0102 loss_dq_cgp_bind 0.0318 loss_dq_cgp_route 0.0889 loss_dq_cgp_relation 0.0280 loss_dq_cgp_smooth 0.0094 loss_dq_cgp_level_js 0.5086 loss_dq_cgp_adjacent_js 0.0094 loss_dq_cgp_point_correction_ratio 0.9807 loss_dq_cgp_point_effect_js 0.0350 loss_dq_cgp_level_query_js 0.2062 loss_dq_cgp_route_load_balance 0.0697 loss_dq_cgp_route_entropy_target 0.0192 loss_dq_cgp_route_level_balance 0.0000 loss_dq_cgp_route_entropy 1.3862 loss_dq_cgp_usage_entropy 2.7029 loss_dq_cgp_effective_basis_count 14.9348 loss_dq_cgp_level_active_basis_count 4.0000 loss_dq_cgp_point_active_basis_count 4.0000 loss_dq_cgp_basis_usage_00 0.0584 loss_dq_cgp_basis_usage_01 0.0674 loss_dq_cgp_basis_usage_02 0.0602 loss_dq_cgp_basis_usage_03 0.0608 loss_dq_cgp_basis_usage_04 0.0634 loss_dq_cgp_basis_usage_05 0.0642 loss_dq_cgp_basis_usage_06 0.0610 loss_dq_cgp_basis_usage_07 0.0637 loss_dq_cgp_basis_usage_08 0.0659 loss_dq_cgp_basis_usage_09 0.0623 loss_dq_cgp_basis_usage_10 0.0640 loss_dq_cgp_basis_usage_11 0.0610 loss_dq_cgp_basis_usage_12 0.0606 loss_dq_cgp_basis_usage_13 0.0647 loss_dq_cgp_basis_usage_14 0.0591 loss_dq_cgp_basis_usage_15 0.0634 loss_dq_cgp_relation_route_js 0.0323 loss_dq_cgp_relation_attention_js 0.3486 loss_exist 0.0287 weighted_loss_overall 0.2130

2026-10-01 21:04:28,573 - flashvtg_dq_cgp_v3_gmr.train - INFO - metrics_no_nms OrderedDict([   ('MR-full-R1@0.3', 64.52),
                ('MR-full-R1@0.5', 55.56),
                ('MR-full-R1@0.7', 36.81),
                ('MR-full-mAP', 40.07),
                ('MR-full-mAP@0.5', 65.96),
                ('MR-full-mAP@0.75', 39.69),
                ('MR-full-mIoU', 47.48),
                ('GMR-TPR', 89.69),
                ('GMR-TNR', 57.84),
                ('GMR-BalancedAcc', 73.77)])
2026-10-01 21:04:28,573 - flashvtg_dq_cgp_v3_gmr.train - INFO - GMR Metrics - TPR: 89.69, TNR: 57.84, BalancedAcc: 73.77
2026-10-01 21:04:28,841 - flashvtg_dq_cgp_v3_gmr.train - INFO - [Epoch 73]
2026-10-01 21:06:21,205 - flashvtg_dq_cgp_v3_gmr.train - INFO - 2026_10_01_21_06_21 [Epoch] 073 [Loss] loss_reg 0.1288 loss_cls 0.0101 loss_dq_cgp_bind 0.0332 loss_dq_cgp_route 0.0884 loss_dq_cgp_relation 0.0278 loss_dq_cgp_smooth 0.0094 loss_dq_cgp_level_js 0.5119 loss_dq_cgp_adjacent_js 0.0094 loss_dq_cgp_point_correction_ratio 0.9813 loss_dq_cgp_point_effect_js 0.0350 loss_dq_cgp_level_query_js 0.2031 loss_dq_cgp_route_load_balance 0.0692 loss_dq_cgp_route_entropy_target 0.0192 loss_dq_cgp_route_level_balance 0.0000 loss_dq_cgp_route_entropy 1.3862 loss_dq_cgp_usage_entropy 2.7034 loss_dq_cgp_effective_basis_count 14.9411 loss_dq_cgp_level_active_basis_count 4.0000 loss_dq_cgp_point_active_basis_count 4.0000 loss_dq_cgp_basis_usage_00 0.0613 loss_dq_cgp_basis_usage_01 0.0617 loss_dq_cgp_basis_usage_02 0.0626 loss_dq_cgp_basis_usage_03 0.0629 loss_dq_cgp_basis_usage_04 0.0623 loss_dq_cgp_basis_usage_05 0.0667 loss_dq_cgp_basis_usage_06 0.0629 loss_dq_cgp_basis_usage_07 0.0666 loss_dq_cgp_basis_usage_08 0.0602 loss_dq_cgp_basis_usage_09 0.0617 loss_dq_cgp_basis_usage_10 0.0619 loss_dq_cgp_basis_usage_11 0.0636 loss_dq_cgp_basis_usage_12 0.0627 loss_dq_cgp_basis_usage_13 0.0624 loss_dq_cgp_basis_usage_14 0.0612 loss_dq_cgp_basis_usage_15 0.0596 loss_dq_cgp_relation_route_js 0.0324 loss_dq_cgp_relation_attention_js 0.3487 loss_exist 0.0275 weighted_loss_overall 0.2099

2026-10-01 21:06:45,809 - flashvtg_dq_cgp_v3_gmr.train - INFO - metrics_no_nms OrderedDict([   ('MR-full-R1@0.3', 66.0),
                ('MR-full-R1@0.5', 56.36),
                ('MR-full-R1@0.7', 36.14),
                ('MR-full-mAP', 40.05),
                ('MR-full-mAP@0.5', 66.73),
                ('MR-full-mAP@0.75', 39.24),
                ('MR-full-mIoU', 47.93),
                ('GMR-TPR', 89.16),
                ('GMR-TNR', 62.35),
                ('GMR-BalancedAcc', 75.75)])
2026-10-01 21:06:45,809 - flashvtg_dq_cgp_v3_gmr.train - INFO - GMR Metrics - TPR: 89.16, TNR: 62.35, BalancedAcc: 75.75
2026-10-01 21:06:46,072 - flashvtg_dq_cgp_v3_gmr.train - INFO - [Epoch 74]
2026-10-01 21:08:38,474 - flashvtg_dq_cgp_v3_gmr.train - INFO - 2026_10_01_21_08_38 [Epoch] 074 [Loss] loss_reg 0.1278 loss_cls 0.0098 loss_dq_cgp_bind 0.0311 loss_dq_cgp_route 0.0841 loss_dq_cgp_relation 0.0276 loss_dq_cgp_smooth 0.0095 loss_dq_cgp_level_js 0.5165 loss_dq_cgp_adjacent_js 0.0095 loss_dq_cgp_point_correction_ratio 0.9815 loss_dq_cgp_point_effect_js 0.0350 loss_dq_cgp_level_query_js 0.1999 loss_dq_cgp_route_load_balance 0.0649 loss_dq_cgp_route_entropy_target 0.0192 loss_dq_cgp_route_level_balance 0.0000 loss_dq_cgp_route_entropy 1.3862 loss_dq_cgp_usage_entropy 2.7077 loss_dq_cgp_effective_basis_count 15.0051 loss_dq_cgp_level_active_basis_count 4.0000 loss_dq_cgp_point_active_basis_count 4.0000 loss_dq_cgp_basis_usage_00 0.0618 loss_dq_cgp_basis_usage_01 0.0632 loss_dq_cgp_basis_usage_02 0.0619 loss_dq_cgp_basis_usage_03 0.0621 loss_dq_cgp_basis_usage_04 0.0637 loss_dq_cgp_basis_usage_05 0.0600 loss_dq_cgp_basis_usage_06 0.0624 loss_dq_cgp_basis_usage_07 0.0589 loss_dq_cgp_basis_usage_08 0.0680 loss_dq_cgp_basis_usage_09 0.0642 loss_dq_cgp_basis_usage_10 0.0650 loss_dq_cgp_basis_usage_11 0.0614 loss_dq_cgp_basis_usage_12 0.0620 loss_dq_cgp_basis_usage_13 0.0613 loss_dq_cgp_basis_usage_14 0.0630 loss_dq_cgp_basis_usage_15 0.0610 loss_dq_cgp_relation_route_js 0.0321 loss_dq_cgp_relation_attention_js 0.3455 loss_exist 0.0336 weighted_loss_overall 0.2135

2026-10-01 21:09:03,146 - flashvtg_dq_cgp_v3_gmr.train - INFO - metrics_no_nms OrderedDict([   ('MR-full-R1@0.3', 65.73),
                ('MR-full-R1@0.5', 55.29),
                ('MR-full-R1@0.7', 35.48),
                ('MR-full-mAP', 39.96),
                ('MR-full-mAP@0.5', 66.02),
                ('MR-full-mAP@0.75', 38.77),
                ('MR-full-mIoU', 47.4),
                ('GMR-TPR', 91.57),
                ('GMR-TNR', 59.41),
                ('GMR-BalancedAcc', 75.49)])
2026-10-01 21:09:03,147 - flashvtg_dq_cgp_v3_gmr.train - INFO - GMR Metrics - TPR: 91.57, TNR: 59.41, BalancedAcc: 75.49
2026-10-01 21:09:03,402 - flashvtg_dq_cgp_v3_gmr.train - INFO - [Epoch 75]
2026-10-01 21:10:55,750 - flashvtg_dq_cgp_v3_gmr.train - INFO - 2026_10_01_21_10_55 [Epoch] 075 [Loss] loss_reg 0.1230 loss_cls 0.0090 loss_dq_cgp_bind 0.0304 loss_dq_cgp_route 0.0856 loss_dq_cgp_relation 0.0268 loss_dq_cgp_smooth 0.0095 loss_dq_cgp_level_js 0.5178 loss_dq_cgp_adjacent_js 0.0095 loss_dq_cgp_point_correction_ratio 0.9826 loss_dq_cgp_point_effect_js 0.0351 loss_dq_cgp_level_query_js 0.1984 loss_dq_cgp_route_load_balance 0.0664 loss_dq_cgp_route_entropy_target 0.0192 loss_dq_cgp_route_level_balance 0.0000 loss_dq_cgp_route_entropy 1.3862 loss_dq_cgp_usage_entropy 2.7062 loss_dq_cgp_effective_basis_count 14.9815 loss_dq_cgp_level_active_basis_count 4.0000 loss_dq_cgp_point_active_basis_count 4.0000 loss_dq_cgp_basis_usage_00 0.0640 loss_dq_cgp_basis_usage_01 0.0590 loss_dq_cgp_basis_usage_02 0.0634 loss_dq_cgp_basis_usage_03 0.0637 loss_dq_cgp_basis_usage_04 0.0633 loss_dq_cgp_basis_usage_05 0.0635 loss_dq_cgp_basis_usage_06 0.0632 loss_dq_cgp_basis_usage_07 0.0604 loss_dq_cgp_basis_usage_08 0.0615 loss_dq_cgp_basis_usage_09 0.0636 loss_dq_cgp_basis_usage_10 0.0632 loss_dq_cgp_basis_usage_11 0.0629 loss_dq_cgp_basis_usage_12 0.0635 loss_dq_cgp_basis_usage_13 0.0633 loss_dq_cgp_basis_usage_14 0.0635 loss_dq_cgp_basis_usage_15 0.0580 loss_dq_cgp_relation_route_js 0.0321 loss_dq_cgp_relation_attention_js 0.3440 loss_exist 0.0295 weighted_loss_overall 0.2006

2026-10-01 21:11:20,512 - flashvtg_dq_cgp_v3_gmr.train - INFO - metrics_no_nms OrderedDict([   ('MR-full-R1@0.3', 66.0),
                ('MR-full-R1@0.5', 55.82),
                ('MR-full-R1@0.7', 35.34),
                ('MR-full-mAP', 39.82),
                ('MR-full-mAP@0.5', 66.32),
                ('MR-full-mAP@0.75', 38.84),
                ('MR-full-mIoU', 47.97),
                ('GMR-TPR', 90.9),
                ('GMR-TNR', 55.88),
                ('GMR-BalancedAcc', 73.39)])
2026-10-01 21:11:20,512 - flashvtg_dq_cgp_v3_gmr.train - INFO - GMR Metrics - TPR: 90.90, TNR: 55.88, BalancedAcc: 73.39
2026-10-01 21:11:20,764 - flashvtg_dq_cgp_v3_gmr.train - INFO - [Epoch 76]
2026-10-01 21:13:12,116 - flashvtg_dq_cgp_v3_gmr.train - INFO - 2026_10_01_21_13_12 [Epoch] 076 [Loss] loss_reg 0.1208 loss_cls 0.0087 loss_dq_cgp_bind 0.0293 loss_dq_cgp_route 0.0822 loss_dq_cgp_relation 0.0268 loss_dq_cgp_smooth 0.0095 loss_dq_cgp_level_js 0.5212 loss_dq_cgp_adjacent_js 0.0095 loss_dq_cgp_point_correction_ratio 0.9820 loss_dq_cgp_point_effect_js 0.0351 loss_dq_cgp_level_query_js 0.1980 loss_dq_cgp_route_load_balance 0.0630 loss_dq_cgp_route_entropy_target 0.0192 loss_dq_cgp_route_level_balance 0.0000 loss_dq_cgp_route_entropy 1.3862 loss_dq_cgp_usage_entropy 2.7096 loss_dq_cgp_effective_basis_count 15.0324 loss_dq_cgp_level_active_basis_count 4.0000 loss_dq_cgp_point_active_basis_count 4.0000 loss_dq_cgp_basis_usage_00 0.0610 loss_dq_cgp_basis_usage_01 0.0626 loss_dq_cgp_basis_usage_02 0.0650 loss_dq_cgp_basis_usage_03 0.0648 loss_dq_cgp_basis_usage_04 0.0620 loss_dq_cgp_basis_usage_05 0.0615 loss_dq_cgp_basis_usage_06 0.0646 loss_dq_cgp_basis_usage_07 0.0626 loss_dq_cgp_basis_usage_08 0.0638 loss_dq_cgp_basis_usage_09 0.0615 loss_dq_cgp_basis_usage_10 0.0598 loss_dq_cgp_basis_usage_11 0.0643 loss_dq_cgp_basis_usage_12 0.0649 loss_dq_cgp_basis_usage_13 0.0607 loss_dq_cgp_basis_usage_14 0.0608 loss_dq_cgp_basis_usage_15 0.0599 loss_dq_cgp_relation_route_js 0.0315 loss_dq_cgp_relation_attention_js 0.3388 loss_exist 0.0210 weighted_loss_overall 0.1882

2026-10-01 21:13:36,655 - flashvtg_dq_cgp_v3_gmr.train - INFO - metrics_no_nms OrderedDict([   ('MR-full-R1@0.3', 65.33),
                ('MR-full-R1@0.5', 56.09),
                ('MR-full-R1@0.7', 34.4),
                ('MR-full-mAP', 39.21),
                ('MR-full-mAP@0.5', 66.18),
                ('MR-full-mAP@0.75', 38.2),
                ('MR-full-mIoU', 47.23),
                ('GMR-TPR', 89.96),
                ('GMR-TNR', 60.39),
                ('GMR-BalancedAcc', 75.18)])
2026-10-01 21:13:36,655 - flashvtg_dq_cgp_v3_gmr.train - INFO - GMR Metrics - TPR: 89.96, TNR: 60.39, BalancedAcc: 75.18
2026-10-01 21:13:37,037 - flashvtg_dq_cgp_v3_gmr.train - INFO - [Epoch 77]
2026-10-01 21:15:28,633 - flashvtg_dq_cgp_v3_gmr.train - INFO - 2026_10_01_21_15_28 [Epoch] 077 [Loss] loss_reg 0.1199 loss_cls 0.0085 loss_dq_cgp_bind 0.0284 loss_dq_cgp_route 0.0813 loss_dq_cgp_relation 0.0270 loss_dq_cgp_smooth 0.0095 loss_dq_cgp_level_js 0.5201 loss_dq_cgp_adjacent_js 0.0095 loss_dq_cgp_point_correction_ratio 0.9818 loss_dq_cgp_point_effect_js 0.0350 loss_dq_cgp_level_query_js 0.1998 loss_dq_cgp_route_load_balance 0.0621 loss_dq_cgp_route_entropy_target 0.0192 loss_dq_cgp_route_level_balance 0.0000 loss_dq_cgp_route_entropy 1.3862 loss_dq_cgp_usage_entropy 2.7104 loss_dq_cgp_effective_basis_count 15.0439 loss_dq_cgp_level_active_basis_count 4.0000 loss_dq_cgp_point_active_basis_count 4.0000 loss_dq_cgp_basis_usage_00 0.0607 loss_dq_cgp_basis_usage_01 0.0643 loss_dq_cgp_basis_usage_02 0.0636 loss_dq_cgp_basis_usage_03 0.0639 loss_dq_cgp_basis_usage_04 0.0607 loss_dq_cgp_basis_usage_05 0.0631 loss_dq_cgp_basis_usage_06 0.0638 loss_dq_cgp_basis_usage_07 0.0626 loss_dq_cgp_basis_usage_08 0.0647 loss_dq_cgp_basis_usage_09 0.0608 loss_dq_cgp_basis_usage_10 0.0626 loss_dq_cgp_basis_usage_11 0.0620 loss_dq_cgp_basis_usage_12 0.0641 loss_dq_cgp_basis_usage_13 0.0612 loss_dq_cgp_basis_usage_14 0.0606 loss_dq_cgp_basis_usage_15 0.0612 loss_dq_cgp_relation_route_js 0.0309 loss_dq_cgp_relation_attention_js 0.3334 loss_exist 0.0229 weighted_loss_overall 0.1883

2026-10-01 21:15:53,374 - flashvtg_dq_cgp_v3_gmr.train - INFO - metrics_no_nms OrderedDict([   ('MR-full-R1@0.3', 67.47),
                ('MR-full-R1@0.5', 56.76),
                ('MR-full-R1@0.7', 35.07),
                ('MR-full-mAP', 39.87),
                ('MR-full-mAP@0.5', 66.9),
                ('MR-full-mAP@0.75', 38.94),
                ('MR-full-mIoU', 48.33),
                ('GMR-TPR', 92.5),
                ('GMR-TNR', 54.51),
                ('GMR-BalancedAcc', 73.51)])
2026-10-01 21:15:53,375 - flashvtg_dq_cgp_v3_gmr.train - INFO - GMR Metrics - TPR: 92.50, TNR: 54.51, BalancedAcc: 73.51
2026-10-01 21:15:53,620 - flashvtg_dq_cgp_v3_gmr.train - INFO - [Epoch 78]
2026-10-01 21:17:45,611 - flashvtg_dq_cgp_v3_gmr.train - INFO - 2026_10_01_21_17_45 [Epoch] 078 [Loss] loss_reg 0.1188 loss_cls 0.0084 loss_dq_cgp_bind 0.0296 loss_dq_cgp_route 0.0839 loss_dq_cgp_relation 0.0271 loss_dq_cgp_smooth 0.0095 loss_dq_cgp_level_js 0.5115 loss_dq_cgp_adjacent_js 0.0095 loss_dq_cgp_point_correction_ratio 0.9819 loss_dq_cgp_point_effect_js 0.0351 loss_dq_cgp_level_query_js 0.2048 loss_dq_cgp_route_load_balance 0.0647 loss_dq_cgp_route_entropy_target 0.0192 loss_dq_cgp_route_level_balance 0.0000 loss_dq_cgp_route_entropy 1.3862 loss_dq_cgp_usage_entropy 2.7079 loss_dq_cgp_effective_basis_count 15.0062 loss_dq_cgp_level_active_basis_count 4.0000 loss_dq_cgp_point_active_basis_count 4.0000 loss_dq_cgp_basis_usage_00 0.0616 loss_dq_cgp_basis_usage_01 0.0648 loss_dq_cgp_basis_usage_02 0.0633 loss_dq_cgp_basis_usage_03 0.0627 loss_dq_cgp_basis_usage_04 0.0638 loss_dq_cgp_basis_usage_05 0.0614 loss_dq_cgp_basis_usage_06 0.0626 loss_dq_cgp_basis_usage_07 0.0610 loss_dq_cgp_basis_usage_08 0.0661 loss_dq_cgp_basis_usage_09 0.0624 loss_dq_cgp_basis_usage_10 0.0634 loss_dq_cgp_basis_usage_11 0.0604 loss_dq_cgp_basis_usage_12 0.0624 loss_dq_cgp_basis_usage_13 0.0620 loss_dq_cgp_basis_usage_14 0.0609 loss_dq_cgp_basis_usage_15 0.0610 loss_dq_cgp_relation_route_js 0.0313 loss_dq_cgp_relation_attention_js 0.3370 loss_exist 0.0239 weighted_loss_overall 0.1876

2026-10-01 21:18:09,974 - flashvtg_dq_cgp_v3_gmr.train - INFO - metrics_no_nms OrderedDict([   ('MR-full-R1@0.3', 66.8),
                ('MR-full-R1@0.5', 56.09),
                ('MR-full-R1@0.7', 35.74),
                ('MR-full-mAP', 39.72),
                ('MR-full-mAP@0.5', 66.33),
                ('MR-full-mAP@0.75', 39.16),
                ('MR-full-mIoU', 48.16),
                ('GMR-TPR', 90.09),
                ('GMR-TNR', 58.82),
                ('GMR-BalancedAcc', 74.46)])
2026-10-01 21:18:09,975 - flashvtg_dq_cgp_v3_gmr.train - INFO - GMR Metrics - TPR: 90.09, TNR: 58.82, BalancedAcc: 74.46
2026-10-01 21:18:10,356 - flashvtg_dq_cgp_v3_gmr.train - INFO - [Epoch 79]
2026-10-01 21:20:02,937 - flashvtg_dq_cgp_v3_gmr.train - INFO - 2026_10_01_21_20_02 [Epoch] 079 [Loss] loss_reg 0.1192 loss_cls 0.0083 loss_dq_cgp_bind 0.0296 loss_dq_cgp_route 0.0861 loss_dq_cgp_relation 0.0266 loss_dq_cgp_smooth 0.0095 loss_dq_cgp_level_js 0.5143 loss_dq_cgp_adjacent_js 0.0095 loss_dq_cgp_point_correction_ratio 0.9825 loss_dq_cgp_point_effect_js 0.0351 loss_dq_cgp_level_query_js 0.2026 loss_dq_cgp_route_load_balance 0.0670 loss_dq_cgp_route_entropy_target 0.0192 loss_dq_cgp_route_level_balance 0.0000 loss_dq_cgp_route_entropy 1.3862 loss_dq_cgp_usage_entropy 2.7056 loss_dq_cgp_effective_basis_count 14.9760 loss_dq_cgp_level_active_basis_count 4.0000 loss_dq_cgp_point_active_basis_count 4.0000 loss_dq_cgp_basis_usage_00 0.0635 loss_dq_cgp_basis_usage_01 0.0635 loss_dq_cgp_basis_usage_02 0.0641 loss_dq_cgp_basis_usage_03 0.0641 loss_dq_cgp_basis_usage_04 0.0615 loss_dq_cgp_basis_usage_05 0.0610 loss_dq_cgp_basis_usage_06 0.0645 loss_dq_cgp_basis_usage_07 0.0601 loss_dq_cgp_basis_usage_08 0.0594 loss_dq_cgp_basis_usage_09 0.0626 loss_dq_cgp_basis_usage_10 0.0600 loss_dq_cgp_basis_usage_11 0.0653 loss_dq_cgp_basis_usage_12 0.0642 loss_dq_cgp_basis_usage_13 0.0620 loss_dq_cgp_basis_usage_14 0.0625 loss_dq_cgp_basis_usage_15 0.0616 loss_dq_cgp_relation_route_js 0.0314 loss_dq_cgp_relation_attention_js 0.3369 loss_exist 0.0218 weighted_loss_overall 0.1855

2026-10-01 21:20:27,744 - flashvtg_dq_cgp_v3_gmr.train - INFO - metrics_no_nms OrderedDict([   ('MR-full-R1@0.3', 65.86),
                ('MR-full-R1@0.5', 55.56),
                ('MR-full-R1@0.7', 36.14),
                ('MR-full-mAP', 39.79),
                ('MR-full-mAP@0.5', 65.73),
                ('MR-full-mAP@0.75', 39.29),
                ('MR-full-mIoU', 47.78),
                ('GMR-TPR', 90.76),
                ('GMR-TNR', 59.41),
                ('GMR-BalancedAcc', 75.09)])
2026-10-01 21:20:27,745 - flashvtg_dq_cgp_v3_gmr.train - INFO - GMR Metrics - TPR: 90.76, TNR: 59.41, BalancedAcc: 75.09
2026-10-01 21:20:27,992 - flashvtg_dq_cgp_v3_gmr.train - INFO - [Epoch 80]
2026-10-01 21:22:20,005 - flashvtg_dq_cgp_v3_gmr.train - INFO - 2026_10_01_21_22_20 [Epoch] 080 [Loss] loss_reg 0.1173 loss_cls 0.0082 loss_dq_cgp_bind 0.0286 loss_dq_cgp_route 0.0847 loss_dq_cgp_relation 0.0261 loss_dq_cgp_smooth 0.0095 loss_dq_cgp_level_js 0.5149 loss_dq_cgp_adjacent_js 0.0095 loss_dq_cgp_point_correction_ratio 0.9827 loss_dq_cgp_point_effect_js 0.0351 loss_dq_cgp_level_query_js 0.2020 loss_dq_cgp_route_load_balance 0.0655 loss_dq_cgp_route_entropy_target 0.0192 loss_dq_cgp_route_level_balance 0.0000 loss_dq_cgp_route_entropy 1.3862 loss_dq_cgp_usage_entropy 2.7071 loss_dq_cgp_effective_basis_count 14.9955 loss_dq_cgp_level_active_basis_count 4.0000 loss_dq_cgp_point_active_basis_count 4.0000 loss_dq_cgp_basis_usage_00 0.0627 loss_dq_cgp_basis_usage_01 0.0606 loss_dq_cgp_basis_usage_02 0.0643 loss_dq_cgp_basis_usage_03 0.0635 loss_dq_cgp_basis_usage_04 0.0618 loss_dq_cgp_basis_usage_05 0.0606 loss_dq_cgp_basis_usage_06 0.0636 loss_dq_cgp_basis_usage_07 0.0597 loss_dq_cgp_basis_usage_08 0.0627 loss_dq_cgp_basis_usage_09 0.0647 loss_dq_cgp_basis_usage_10 0.0625 loss_dq_cgp_basis_usage_11 0.0662 loss_dq_cgp_basis_usage_12 0.0639 loss_dq_cgp_basis_usage_13 0.0628 loss_dq_cgp_basis_usage_14 0.0618 loss_dq_cgp_basis_usage_15 0.0586 loss_dq_cgp_relation_route_js 0.0315 loss_dq_cgp_relation_attention_js 0.3378 loss_exist 0.0210 weighted_loss_overall 0.1822

2026-10-01 21:22:44,700 - flashvtg_dq_cgp_v3_gmr.train - INFO - metrics_no_nms OrderedDict([   ('MR-full-R1@0.3', 65.86),
                ('MR-full-R1@0.5', 55.69),
                ('MR-full-R1@0.7', 34.54),
                ('MR-full-mAP', 39.84),
                ('MR-full-mAP@0.5', 66.65),
                ('MR-full-mAP@0.75', 38.83),
                ('MR-full-mIoU', 47.75),
                ('GMR-TPR', 91.16),
                ('GMR-TNR', 56.67),
                ('GMR-BalancedAcc', 73.92)])
2026-10-01 21:22:44,702 - flashvtg_dq_cgp_v3_gmr.train - INFO - GMR Metrics - TPR: 91.16, TNR: 56.67, BalancedAcc: 73.92
2026-10-01 21:22:44,950 - flashvtg_dq_cgp_v3_gmr.train - INFO - [Epoch 81]
2026-10-01 21:24:37,181 - flashvtg_dq_cgp_v3_gmr.train - INFO - 2026_10_01_21_24_37 [Epoch] 081 [Loss] loss_reg 0.1175 loss_cls 0.0082 loss_dq_cgp_bind 0.0285 loss_dq_cgp_route 0.0820 loss_dq_cgp_relation 0.0256 loss_dq_cgp_smooth 0.0096 loss_dq_cgp_level_js 0.5209 loss_dq_cgp_adjacent_js 0.0096 loss_dq_cgp_point_correction_ratio 0.9827 loss_dq_cgp_point_effect_js 0.0351 loss_dq_cgp_level_query_js 0.1970 loss_dq_cgp_route_load_balance 0.0628 loss_dq_cgp_route_entropy_target 0.0192 loss_dq_cgp_route_level_balance 0.0000 loss_dq_cgp_route_entropy 1.3861 loss_dq_cgp_usage_entropy 2.7098 loss_dq_cgp_effective_basis_count 15.0356 loss_dq_cgp_level_active_basis_count 4.0000 loss_dq_cgp_point_active_basis_count 4.0000 loss_dq_cgp_basis_usage_00 0.0617 loss_dq_cgp_basis_usage_01 0.0601 loss_dq_cgp_basis_usage_02 0.0635 loss_dq_cgp_basis_usage_03 0.0639 loss_dq_cgp_basis_usage_04 0.0632 loss_dq_cgp_basis_usage_05 0.0613 loss_dq_cgp_basis_usage_06 0.0640 loss_dq_cgp_basis_usage_07 0.0595 loss_dq_cgp_basis_usage_08 0.0613 loss_dq_cgp_basis_usage_09 0.0642 loss_dq_cgp_basis_usage_10 0.0659 loss_dq_cgp_basis_usage_11 0.0642 loss_dq_cgp_basis_usage_12 0.0637 loss_dq_cgp_basis_usage_13 0.0617 loss_dq_cgp_basis_usage_14 0.0633 loss_dq_cgp_basis_usage_15 0.0586 loss_dq_cgp_relation_route_js 0.0314 loss_dq_cgp_relation_attention_js 0.3372 loss_exist 0.0250 weighted_loss_overall 0.1861

2026-10-01 21:25:01,850 - flashvtg_dq_cgp_v3_gmr.train - INFO - metrics_no_nms OrderedDict([   ('MR-full-R1@0.3', 66.67),
                ('MR-full-R1@0.5', 56.49),
                ('MR-full-R1@0.7', 35.48),
                ('MR-full-mAP', 39.81),
                ('MR-full-mAP@0.5', 66.77),
                ('MR-full-mAP@0.75', 39.04),
                ('MR-full-mIoU', 48.52),
                ('GMR-TPR', 90.76),
                ('GMR-TNR', 59.22),
                ('GMR-BalancedAcc', 74.99)])
2026-10-01 21:25:01,850 - flashvtg_dq_cgp_v3_gmr.train - INFO - GMR Metrics - TPR: 90.76, TNR: 59.22, BalancedAcc: 74.99
2026-10-01 21:25:02,345 - flashvtg_dq_cgp_v3_gmr.train - INFO - [Epoch 82]
2026-10-01 21:26:55,435 - flashvtg_dq_cgp_v3_gmr.train - INFO - 2026_10_01_21_26_55 [Epoch] 082 [Loss] loss_reg 0.1165 loss_cls 0.0079 loss_dq_cgp_bind 0.0280 loss_dq_cgp_route 0.0827 loss_dq_cgp_relation 0.0262 loss_dq_cgp_smooth 0.0096 loss_dq_cgp_level_js 0.5200 loss_dq_cgp_adjacent_js 0.0096 loss_dq_cgp_point_correction_ratio 0.9821 loss_dq_cgp_point_effect_js 0.0351 loss_dq_cgp_level_query_js 0.1963 loss_dq_cgp_route_load_balance 0.0636 loss_dq_cgp_route_entropy_target 0.0192 loss_dq_cgp_route_level_balance 0.0000 loss_dq_cgp_route_entropy 1.3861 loss_dq_cgp_usage_entropy 2.7090 loss_dq_cgp_effective_basis_count 15.0228 loss_dq_cgp_level_active_basis_count 4.0000 loss_dq_cgp_point_active_basis_count 4.0000 loss_dq_cgp_basis_usage_00 0.0605 loss_dq_cgp_basis_usage_01 0.0636 loss_dq_cgp_basis_usage_02 0.0622 loss_dq_cgp_basis_usage_03 0.0619 loss_dq_cgp_basis_usage_04 0.0648 loss_dq_cgp_basis_usage_05 0.0657 loss_dq_cgp_basis_usage_06 0.0623 loss_dq_cgp_basis_usage_07 0.0633 loss_dq_cgp_basis_usage_08 0.0607 loss_dq_cgp_basis_usage_09 0.0632 loss_dq_cgp_basis_usage_10 0.0647 loss_dq_cgp_basis_usage_11 0.0625 loss_dq_cgp_basis_usage_12 0.0622 loss_dq_cgp_basis_usage_13 0.0623 loss_dq_cgp_basis_usage_14 0.0597 loss_dq_cgp_basis_usage_15 0.0602 loss_dq_cgp_relation_route_js 0.0316 loss_dq_cgp_relation_attention_js 0.3388 loss_exist 0.0234 weighted_loss_overall 0.1820

2026-10-01 21:27:20,316 - flashvtg_dq_cgp_v3_gmr.train - INFO - metrics_no_nms OrderedDict([   ('MR-full-R1@0.3', 66.8),
                ('MR-full-R1@0.5', 55.96),
                ('MR-full-R1@0.7', 35.61),
                ('MR-full-mAP', 39.57),
                ('MR-full-mAP@0.5', 66.53),
                ('MR-full-mAP@0.75', 38.65),
                ('MR-full-mIoU', 48.14),
                ('GMR-TPR', 90.63),
                ('GMR-TNR', 57.06),
                ('GMR-BalancedAcc', 73.84)])
2026-10-01 21:27:20,316 - flashvtg_dq_cgp_v3_gmr.train - INFO - GMR Metrics - TPR: 90.63, TNR: 57.06, BalancedAcc: 73.84
2026-10-01 21:27:20,581 - flashvtg_dq_cgp_v3_gmr.train - INFO - [Epoch 83]
2026-10-01 21:29:12,864 - flashvtg_dq_cgp_v3_gmr.train - INFO - 2026_10_01_21_29_12 [Epoch] 083 [Loss] loss_reg 0.1163 loss_cls 0.0078 loss_dq_cgp_bind 0.0267 loss_dq_cgp_route 0.0843 loss_dq_cgp_relation 0.0267 loss_dq_cgp_smooth 0.0096 loss_dq_cgp_level_js 0.5166 loss_dq_cgp_adjacent_js 0.0096 loss_dq_cgp_point_correction_ratio 0.9819 loss_dq_cgp_point_effect_js 0.0350 loss_dq_cgp_level_query_js 0.1975 loss_dq_cgp_route_load_balance 0.0651 loss_dq_cgp_route_entropy_target 0.0192 loss_dq_cgp_route_level_balance 0.0000 loss_dq_cgp_route_entropy 1.3861 loss_dq_cgp_usage_entropy 2.7074 loss_dq_cgp_effective_basis_count 15.0013 loss_dq_cgp_level_active_basis_count 4.0000 loss_dq_cgp_point_active_basis_count 4.0000 loss_dq_cgp_basis_usage_00 0.0598 loss_dq_cgp_basis_usage_01 0.0632 loss_dq_cgp_basis_usage_02 0.0612 loss_dq_cgp_basis_usage_03 0.0618 loss_dq_cgp_basis_usage_04 0.0658 loss_dq_cgp_basis_usage_05 0.0641 loss_dq_cgp_basis_usage_06 0.0613 loss_dq_cgp_basis_usage_07 0.0623 loss_dq_cgp_basis_usage_08 0.0630 loss_dq_cgp_basis_usage_09 0.0620 loss_dq_cgp_basis_usage_10 0.0643 loss_dq_cgp_basis_usage_11 0.0625 loss_dq_cgp_basis_usage_12 0.0618 loss_dq_cgp_basis_usage_13 0.0626 loss_dq_cgp_basis_usage_14 0.0604 loss_dq_cgp_basis_usage_15 0.0641 loss_dq_cgp_relation_route_js 0.0313 loss_dq_cgp_relation_attention_js 0.3358 loss_exist 0.0186 weighted_loss_overall 0.1765

2026-10-01 21:29:37,247 - flashvtg_dq_cgp_v3_gmr.train - INFO - metrics_no_nms OrderedDict([   ('MR-full-R1@0.3', 64.79),
                ('MR-full-R1@0.5', 55.29),
                ('MR-full-R1@0.7', 34.54),
                ('MR-full-mAP', 39.12),
                ('MR-full-mAP@0.5', 65.75),
                ('MR-full-mAP@0.75', 38.79),
                ('MR-full-mIoU', 47.14),
                ('GMR-TPR', 91.7),
                ('GMR-TNR', 58.43),
                ('GMR-BalancedAcc', 75.07)])
2026-10-01 21:29:37,247 - flashvtg_dq_cgp_v3_gmr.train - INFO - GMR Metrics - TPR: 91.70, TNR: 58.43, BalancedAcc: 75.07
2026-10-01 21:29:37,629 - flashvtg_dq_cgp_v3_gmr.train - INFO - [Epoch 84]
2026-10-01 21:31:31,422 - flashvtg_dq_cgp_v3_gmr.train - INFO - 2026_10_01_21_31_31 [Epoch] 084 [Loss] loss_reg 0.1148 loss_cls 0.0077 loss_dq_cgp_bind 0.0267 loss_dq_cgp_route 0.0841 loss_dq_cgp_relation 0.0261 loss_dq_cgp_smooth 0.0096 loss_dq_cgp_level_js 0.5166 loss_dq_cgp_adjacent_js 0.0096 loss_dq_cgp_point_correction_ratio 0.9822 loss_dq_cgp_point_effect_js 0.0351 loss_dq_cgp_level_query_js 0.1988 loss_dq_cgp_route_load_balance 0.0649 loss_dq_cgp_route_entropy_target 0.0192 loss_dq_cgp_route_level_balance 0.0000 loss_dq_cgp_route_entropy 1.3861 loss_dq_cgp_usage_entropy 2.7077 loss_dq_cgp_effective_basis_count 15.0054 loss_dq_cgp_level_active_basis_count 4.0000 loss_dq_cgp_point_active_basis_count 4.0000 loss_dq_cgp_basis_usage_00 0.0634 loss_dq_cgp_basis_usage_01 0.0621 loss_dq_cgp_basis_usage_02 0.0634 loss_dq_cgp_basis_usage_03 0.0634 loss_dq_cgp_basis_usage_04 0.0620 loss_dq_cgp_basis_usage_05 0.0607 loss_dq_cgp_basis_usage_06 0.0630 loss_dq_cgp_basis_usage_07 0.0595 loss_dq_cgp_basis_usage_08 0.0628 loss_dq_cgp_basis_usage_09 0.0640 loss_dq_cgp_basis_usage_10 0.0633 loss_dq_cgp_basis_usage_11 0.0642 loss_dq_cgp_basis_usage_12 0.0628 loss_dq_cgp_basis_usage_13 0.0629 loss_dq_cgp_basis_usage_14 0.0642 loss_dq_cgp_basis_usage_15 0.0583 loss_dq_cgp_relation_route_js 0.0310 loss_dq_cgp_relation_attention_js 0.3330 loss_exist 0.0226 weighted_loss_overall 0.1786

2026-10-01 21:31:57,053 - flashvtg_dq_cgp_v3_gmr.train - INFO - metrics_no_nms OrderedDict([   ('MR-full-R1@0.3', 65.33),
                ('MR-full-R1@0.5', 54.89),
                ('MR-full-R1@0.7', 34.4),
                ('MR-full-mAP', 39.58),
                ('MR-full-mAP@0.5', 65.56),
                ('MR-full-mAP@0.75', 39.19),
                ('MR-full-mIoU', 47.46),
                ('GMR-TPR', 91.03),
                ('GMR-TNR', 58.63),
                ('GMR-BalancedAcc', 74.83)])
2026-10-01 21:31:57,054 - flashvtg_dq_cgp_v3_gmr.train - INFO - GMR Metrics - TPR: 91.03, TNR: 58.63, BalancedAcc: 74.83
2026-10-01 21:31:57,307 - flashvtg_dq_cgp_v3_gmr.train - INFO - [Epoch 85]
2026-10-01 21:33:51,729 - flashvtg_dq_cgp_v3_gmr.train - INFO - 2026_10_01_21_33_51 [Epoch] 085 [Loss] loss_reg 0.1146 loss_cls 0.0076 loss_dq_cgp_bind 0.0295 loss_dq_cgp_route 0.0833 loss_dq_cgp_relation 0.0269 loss_dq_cgp_smooth 0.0095 loss_dq_cgp_level_js 0.5180 loss_dq_cgp_adjacent_js 0.0095 loss_dq_cgp_point_correction_ratio 0.9816 loss_dq_cgp_point_effect_js 0.0350 loss_dq_cgp_level_query_js 0.1967 loss_dq_cgp_route_load_balance 0.0642 loss_dq_cgp_route_entropy_target 0.0192 loss_dq_cgp_route_level_balance 0.0000 loss_dq_cgp_route_entropy 1.3861 loss_dq_cgp_usage_entropy 2.7084 loss_dq_cgp_effective_basis_count 15.0155 loss_dq_cgp_level_active_basis_count 4.0000 loss_dq_cgp_point_active_basis_count 4.0000 loss_dq_cgp_basis_usage_00 0.0598 loss_dq_cgp_basis_usage_01 0.0637 loss_dq_cgp_basis_usage_02 0.0630 loss_dq_cgp_basis_usage_03 0.0634 loss_dq_cgp_basis_usage_04 0.0632 loss_dq_cgp_basis_usage_05 0.0657 loss_dq_cgp_basis_usage_06 0.0633 loss_dq_cgp_basis_usage_07 0.0645 loss_dq_cgp_basis_usage_08 0.0622 loss_dq_cgp_basis_usage_09 0.0584 loss_dq_cgp_basis_usage_10 0.0636 loss_dq_cgp_basis_usage_11 0.0590 loss_dq_cgp_basis_usage_12 0.0639 loss_dq_cgp_basis_usage_13 0.0637 loss_dq_cgp_basis_usage_14 0.0612 loss_dq_cgp_basis_usage_15 0.0614 loss_dq_cgp_relation_route_js 0.0310 loss_dq_cgp_relation_attention_js 0.3334 loss_exist 0.0178 weighted_loss_overall 0.1734

2026-10-01 21:34:16,747 - flashvtg_dq_cgp_v3_gmr.train - INFO - metrics_no_nms OrderedDict([   ('MR-full-R1@0.3', 65.86),
                ('MR-full-R1@0.5', 55.69),
                ('MR-full-R1@0.7', 34.14),
                ('MR-full-mAP', 39.53),
                ('MR-full-mAP@0.5', 66.44),
                ('MR-full-mAP@0.75', 38.12),
                ('MR-full-mIoU', 47.76),
                ('GMR-TPR', 90.23),
                ('GMR-TNR', 59.8),
                ('GMR-BalancedAcc', 75.02)])
2026-10-01 21:34:16,748 - flashvtg_dq_cgp_v3_gmr.train - INFO - GMR Metrics - TPR: 90.23, TNR: 59.80, BalancedAcc: 75.02
2026-10-01 21:34:17,000 - flashvtg_dq_cgp_v3_gmr.train - INFO - [Epoch 86]
2026-10-01 21:36:09,627 - flashvtg_dq_cgp_v3_gmr.train - INFO - 2026_10_01_21_36_09 [Epoch] 086 [Loss] loss_reg 0.1114 loss_cls 0.0072 loss_dq_cgp_bind 0.0250 loss_dq_cgp_route 0.0831 loss_dq_cgp_relation 0.0266 loss_dq_cgp_smooth 0.0095 loss_dq_cgp_level_js 0.5177 loss_dq_cgp_adjacent_js 0.0095 loss_dq_cgp_point_correction_ratio 0.9820 loss_dq_cgp_point_effect_js 0.0350 loss_dq_cgp_level_query_js 0.1958 loss_dq_cgp_route_load_balance 0.0639 loss_dq_cgp_route_entropy_target 0.0192 loss_dq_cgp_route_level_balance 0.0000 loss_dq_cgp_route_entropy 1.3861 loss_dq_cgp_usage_entropy 2.7087 loss_dq_cgp_effective_basis_count 15.0186 loss_dq_cgp_level_active_basis_count 4.0000 loss_dq_cgp_point_active_basis_count 4.0000 loss_dq_cgp_basis_usage_00 0.0606 loss_dq_cgp_basis_usage_01 0.0650 loss_dq_cgp_basis_usage_02 0.0614 loss_dq_cgp_basis_usage_03 0.0617 loss_dq_cgp_basis_usage_04 0.0612 loss_dq_cgp_basis_usage_05 0.0682 loss_dq_cgp_basis_usage_06 0.0614 loss_dq_cgp_basis_usage_07 0.0661 loss_dq_cgp_basis_usage_08 0.0676 loss_dq_cgp_basis_usage_09 0.0594 loss_dq_cgp_basis_usage_10 0.0622 loss_dq_cgp_basis_usage_11 0.0613 loss_dq_cgp_basis_usage_12 0.0619 loss_dq_cgp_basis_usage_13 0.0598 loss_dq_cgp_basis_usage_14 0.0580 loss_dq_cgp_basis_usage_15 0.0644 loss_dq_cgp_relation_route_js 0.0305 loss_dq_cgp_relation_attention_js 0.3283 loss_exist 0.0177 weighted_loss_overall 0.1676

2026-10-01 21:36:34,187 - flashvtg_dq_cgp_v3_gmr.train - INFO - metrics_no_nms OrderedDict([   ('MR-full-R1@0.3', 66.67),
                ('MR-full-R1@0.5', 56.22),
                ('MR-full-R1@0.7', 34.54),
                ('MR-full-mAP', 39.6),
                ('MR-full-mAP@0.5', 66.44),
                ('MR-full-mAP@0.75', 38.74),
                ('MR-full-mIoU', 47.92),
                ('GMR-TPR', 91.43),
                ('GMR-TNR', 56.67),
                ('GMR-BalancedAcc', 74.05)])
2026-10-01 21:36:34,188 - flashvtg_dq_cgp_v3_gmr.train - INFO - GMR Metrics - TPR: 91.43, TNR: 56.67, BalancedAcc: 74.05
2026-10-01 21:36:34,583 - flashvtg_dq_cgp_v3_gmr.train - INFO - [Epoch 87]
2026-10-01 21:38:27,063 - flashvtg_dq_cgp_v3_gmr.train - INFO - 2026_10_01_21_38_27 [Epoch] 087 [Loss] loss_reg 0.1112 loss_cls 0.0069 loss_dq_cgp_bind 0.0251 loss_dq_cgp_route 0.0816 loss_dq_cgp_relation 0.0264 loss_dq_cgp_smooth 0.0095 loss_dq_cgp_level_js 0.5179 loss_dq_cgp_adjacent_js 0.0095 loss_dq_cgp_point_correction_ratio 0.9822 loss_dq_cgp_point_effect_js 0.0350 loss_dq_cgp_level_query_js 0.1981 loss_dq_cgp_route_load_balance 0.0624 loss_dq_cgp_route_entropy_target 0.0192 loss_dq_cgp_route_level_balance 0.0000 loss_dq_cgp_route_entropy 1.3861 loss_dq_cgp_usage_entropy 2.7101 loss_dq_cgp_effective_basis_count 15.0407 loss_dq_cgp_level_active_basis_count 4.0000 loss_dq_cgp_point_active_basis_count 4.0000 loss_dq_cgp_basis_usage_00 0.0625 loss_dq_cgp_basis_usage_01 0.0611 loss_dq_cgp_basis_usage_02 0.0629 loss_dq_cgp_basis_usage_03 0.0631 loss_dq_cgp_basis_usage_04 0.0641 loss_dq_cgp_basis_usage_05 0.0622 loss_dq_cgp_basis_usage_06 0.0633 loss_dq_cgp_basis_usage_07 0.0621 loss_dq_cgp_basis_usage_08 0.0610 loss_dq_cgp_basis_usage_09 0.0598 loss_dq_cgp_basis_usage_10 0.0662 loss_dq_cgp_basis_usage_11 0.0635 loss_dq_cgp_basis_usage_12 0.0631 loss_dq_cgp_basis_usage_13 0.0633 loss_dq_cgp_basis_usage_14 0.0591 loss_dq_cgp_basis_usage_15 0.0628 loss_dq_cgp_relation_route_js 0.0305 loss_dq_cgp_relation_attention_js 0.3278 loss_exist 0.0153 weighted_loss_overall 0.1638

2026-10-01 21:38:51,629 - flashvtg_dq_cgp_v3_gmr.train - INFO - metrics_no_nms OrderedDict([   ('MR-full-R1@0.3', 66.0),
                ('MR-full-R1@0.5', 56.49),
                ('MR-full-R1@0.7', 35.07),
                ('MR-full-mAP', 39.73),
                ('MR-full-mAP@0.5', 66.65),
                ('MR-full-mAP@0.75', 38.3),
                ('MR-full-mIoU', 48.05),
                ('GMR-TPR', 91.3),
                ('GMR-TNR', 59.8),
                ('GMR-BalancedAcc', 75.55)])
2026-10-01 21:38:51,629 - flashvtg_dq_cgp_v3_gmr.train - INFO - GMR Metrics - TPR: 91.30, TNR: 59.80, BalancedAcc: 75.55
2026-10-01 21:38:51,879 - flashvtg_dq_cgp_v3_gmr.train - INFO - [Epoch 88]
2026-10-01 21:40:44,684 - flashvtg_dq_cgp_v3_gmr.train - INFO - 2026_10_01_21_40_44 [Epoch] 088 [Loss] loss_reg 0.1112 loss_cls 0.0070 loss_dq_cgp_bind 0.0266 loss_dq_cgp_route 0.0856 loss_dq_cgp_relation 0.0262 loss_dq_cgp_smooth 0.0096 loss_dq_cgp_level_js 0.5152 loss_dq_cgp_adjacent_js 0.0096 loss_dq_cgp_point_correction_ratio 0.9826 loss_dq_cgp_point_effect_js 0.0351 loss_dq_cgp_level_query_js 0.1990 loss_dq_cgp_route_load_balance 0.0664 loss_dq_cgp_route_entropy_target 0.0192 loss_dq_cgp_route_level_balance 0.0000 loss_dq_cgp_route_entropy 1.3861 loss_dq_cgp_usage_entropy 2.7062 loss_dq_cgp_effective_basis_count 14.9828 loss_dq_cgp_level_active_basis_count 4.0000 loss_dq_cgp_point_active_basis_count 4.0000 loss_dq_cgp_basis_usage_00 0.0621 loss_dq_cgp_basis_usage_01 0.0620 loss_dq_cgp_basis_usage_02 0.0627 loss_dq_cgp_basis_usage_03 0.0631 loss_dq_cgp_basis_usage_04 0.0627 loss_dq_cgp_basis_usage_05 0.0597 loss_dq_cgp_basis_usage_06 0.0628 loss_dq_cgp_basis_usage_07 0.0600 loss_dq_cgp_basis_usage_08 0.0625 loss_dq_cgp_basis_usage_09 0.0620 loss_dq_cgp_basis_usage_10 0.0631 loss_dq_cgp_basis_usage_11 0.0667 loss_dq_cgp_basis_usage_12 0.0626 loss_dq_cgp_basis_usage_13 0.0644 loss_dq_cgp_basis_usage_14 0.0610 loss_dq_cgp_basis_usage_15 0.0625 loss_dq_cgp_relation_route_js 0.0307 loss_dq_cgp_relation_attention_js 0.3302 loss_exist 0.0175 weighted_loss_overall 0.1666

2026-10-01 21:41:09,353 - flashvtg_dq_cgp_v3_gmr.train - INFO - metrics_no_nms OrderedDict([   ('MR-full-R1@0.3', 65.73),
                ('MR-full-R1@0.5', 56.09),
                ('MR-full-R1@0.7', 33.87),
                ('MR-full-mAP', 38.97),
                ('MR-full-mAP@0.5', 66.3),
                ('MR-full-mAP@0.75', 37.74),
                ('MR-full-mIoU', 47.31),
                ('GMR-TPR', 91.16),
                ('GMR-TNR', 58.82),
                ('GMR-BalancedAcc', 74.99)])
2026-10-01 21:41:09,354 - flashvtg_dq_cgp_v3_gmr.train - INFO - GMR Metrics - TPR: 91.16, TNR: 58.82, BalancedAcc: 74.99
2026-10-01 21:41:10,230 - flashvtg_dq_cgp_v3_gmr.train - INFO - [Epoch 89]
2026-10-01 21:43:03,800 - flashvtg_dq_cgp_v3_gmr.train - INFO - 2026_10_01_21_43_03 [Epoch] 089 [Loss] loss_reg 0.1103 loss_cls 0.0069 loss_dq_cgp_bind 0.0264 loss_dq_cgp_route 0.0851 loss_dq_cgp_relation 0.0260 loss_dq_cgp_smooth 0.0095 loss_dq_cgp_level_js 0.5156 loss_dq_cgp_adjacent_js 0.0095 loss_dq_cgp_point_correction_ratio 0.9829 loss_dq_cgp_point_effect_js 0.0351 loss_dq_cgp_level_query_js 0.1993 loss_dq_cgp_route_load_balance 0.0660 loss_dq_cgp_route_entropy_target 0.0192 loss_dq_cgp_route_level_balance 0.0000 loss_dq_cgp_route_entropy 1.3861 loss_dq_cgp_usage_entropy 2.7066 loss_dq_cgp_effective_basis_count 14.9904 loss_dq_cgp_level_active_basis_count 4.0000 loss_dq_cgp_point_active_basis_count 4.0000 loss_dq_cgp_basis_usage_00 0.0629 loss_dq_cgp_basis_usage_01 0.0616 loss_dq_cgp_basis_usage_02 0.0644 loss_dq_cgp_basis_usage_03 0.0649 loss_dq_cgp_basis_usage_04 0.0633 loss_dq_cgp_basis_usage_05 0.0579 loss_dq_cgp_basis_usage_06 0.0639 loss_dq_cgp_basis_usage_07 0.0591 loss_dq_cgp_basis_usage_08 0.0601 loss_dq_cgp_basis_usage_09 0.0642 loss_dq_cgp_basis_usage_10 0.0629 loss_dq_cgp_basis_usage_11 0.0638 loss_dq_cgp_basis_usage_12 0.0651 loss_dq_cgp_basis_usage_13 0.0630 loss_dq_cgp_basis_usage_14 0.0636 loss_dq_cgp_basis_usage_15 0.0592 loss_dq_cgp_relation_route_js 0.0307 loss_dq_cgp_relation_attention_js 0.3296 loss_exist 0.0187 weighted_loss_overall 0.1664

2026-10-01 21:43:28,311 - flashvtg_dq_cgp_v3_gmr.train - INFO - metrics_no_nms OrderedDict([   ('MR-full-R1@0.3', 65.86),
                ('MR-full-R1@0.5', 55.15),
                ('MR-full-R1@0.7', 35.07),
                ('MR-full-mAP', 39.77),
                ('MR-full-mAP@0.5', 65.86),
                ('MR-full-mAP@0.75', 39.36),
                ('MR-full-mIoU', 47.98),
                ('GMR-TPR', 90.76),
                ('GMR-TNR', 58.82),
                ('GMR-BalancedAcc', 74.79)])
2026-10-01 21:43:28,311 - flashvtg_dq_cgp_v3_gmr.train - INFO - GMR Metrics - TPR: 90.76, TNR: 58.82, BalancedAcc: 74.79
2026-10-01 21:43:28,871 - flashvtg_dq_cgp_v3_gmr.train - INFO - [Epoch 90]
2026-10-01 21:45:21,427 - flashvtg_dq_cgp_v3_gmr.train - INFO - 2026_10_01_21_45_21 [Epoch] 090 [Loss] loss_reg 0.1106 loss_cls 0.0070 loss_dq_cgp_bind 0.0253 loss_dq_cgp_route 0.0849 loss_dq_cgp_relation 0.0262 loss_dq_cgp_smooth 0.0095 loss_dq_cgp_level_js 0.5153 loss_dq_cgp_adjacent_js 0.0095 loss_dq_cgp_point_correction_ratio 0.9827 loss_dq_cgp_point_effect_js 0.0351 loss_dq_cgp_level_query_js 0.2006 loss_dq_cgp_route_load_balance 0.0657 loss_dq_cgp_route_entropy_target 0.0192 loss_dq_cgp_route_level_balance 0.0000 loss_dq_cgp_route_entropy 1.3861 loss_dq_cgp_usage_entropy 2.7069 loss_dq_cgp_effective_basis_count 14.9925 loss_dq_cgp_level_active_basis_count 4.0000 loss_dq_cgp_point_active_basis_count 4.0000 loss_dq_cgp_basis_usage_00 0.0650 loss_dq_cgp_basis_usage_01 0.0615 loss_dq_cgp_basis_usage_02 0.0651 loss_dq_cgp_basis_usage_03 0.0648 loss_dq_cgp_basis_usage_04 0.0643 loss_dq_cgp_basis_usage_05 0.0589 loss_dq_cgp_basis_usage_06 0.0651 loss_dq_cgp_basis_usage_07 0.0578 loss_dq_cgp_basis_usage_08 0.0630 loss_dq_cgp_basis_usage_09 0.0633 loss_dq_cgp_basis_usage_10 0.0589 loss_dq_cgp_basis_usage_11 0.0636 loss_dq_cgp_basis_usage_12 0.0647 loss_dq_cgp_basis_usage_13 0.0615 loss_dq_cgp_basis_usage_14 0.0631 loss_dq_cgp_basis_usage_15 0.0593 loss_dq_cgp_relation_route_js 0.0306 loss_dq_cgp_relation_attention_js 0.3281 loss_exist 0.0169 weighted_loss_overall 0.1650

2026-10-01 21:45:46,305 - flashvtg_dq_cgp_v3_gmr.train - INFO - metrics_no_nms OrderedDict([   ('MR-full-R1@0.3', 65.46),
                ('MR-full-R1@0.5', 55.42),
                ('MR-full-R1@0.7', 35.07),
                ('MR-full-mAP', 39.61),
                ('MR-full-mAP@0.5', 65.94),
                ('MR-full-mAP@0.75', 39.51),
                ('MR-full-mIoU', 47.69),
                ('GMR-TPR', 91.57),
                ('GMR-TNR', 57.06),
                ('GMR-BalancedAcc', 74.31)])
2026-10-01 21:45:46,305 - flashvtg_dq_cgp_v3_gmr.train - INFO - GMR Metrics - TPR: 91.57, TNR: 57.06, BalancedAcc: 74.31
2026-10-01 21:45:46,560 - flashvtg_dq_cgp_v3_gmr.train - INFO - [Epoch 91]
2026-10-01 21:47:39,255 - flashvtg_dq_cgp_v3_gmr.train - INFO - 2026_10_01_21_47_39 [Epoch] 091 [Loss] loss_reg 0.1102 loss_cls 0.0068 loss_dq_cgp_bind 0.0258 loss_dq_cgp_route 0.0856 loss_dq_cgp_relation 0.0263 loss_dq_cgp_smooth 0.0095 loss_dq_cgp_level_js 0.5139 loss_dq_cgp_adjacent_js 0.0095 loss_dq_cgp_point_correction_ratio 0.9826 loss_dq_cgp_point_effect_js 0.0351 loss_dq_cgp_level_query_js 0.2008 loss_dq_cgp_route_load_balance 0.0665 loss_dq_cgp_route_entropy_target 0.0192 loss_dq_cgp_route_level_balance 0.0000 loss_dq_cgp_route_entropy 1.3861 loss_dq_cgp_usage_entropy 2.7061 loss_dq_cgp_effective_basis_count 14.9826 loss_dq_cgp_level_active_basis_count 4.0000 loss_dq_cgp_point_active_basis_count 4.0000 loss_dq_cgp_basis_usage_00 0.0620 loss_dq_cgp_basis_usage_01 0.0618 loss_dq_cgp_basis_usage_02 0.0649 loss_dq_cgp_basis_usage_03 0.0650 loss_dq_cgp_basis_usage_04 0.0622 loss_dq_cgp_basis_usage_05 0.0630 loss_dq_cgp_basis_usage_06 0.0651 loss_dq_cgp_basis_usage_07 0.0592 loss_dq_cgp_basis_usage_08 0.0638 loss_dq_cgp_basis_usage_09 0.0609 loss_dq_cgp_basis_usage_10 0.0608 loss_dq_cgp_basis_usage_11 0.0629 loss_dq_cgp_basis_usage_12 0.0647 loss_dq_cgp_basis_usage_13 0.0598 loss_dq_cgp_basis_usage_14 0.0646 loss_dq_cgp_basis_usage_15 0.0592 loss_dq_cgp_relation_route_js 0.0304 loss_dq_cgp_relation_attention_js 0.3272 loss_exist 0.0183 weighted_loss_overall 0.1649

2026-10-01 21:48:04,379 - flashvtg_dq_cgp_v3_gmr.train - INFO - metrics_no_nms OrderedDict([   ('MR-full-R1@0.3', 65.33),
                ('MR-full-R1@0.5', 55.82),
                ('MR-full-R1@0.7', 35.21),
                ('MR-full-mAP', 39.69),
                ('MR-full-mAP@0.5', 66.16),
                ('MR-full-mAP@0.75', 39.3),
                ('MR-full-mIoU', 47.53),
                ('GMR-TPR', 91.3),
                ('GMR-TNR', 57.84),
                ('GMR-BalancedAcc', 74.57)])
2026-10-01 21:48:04,379 - flashvtg_dq_cgp_v3_gmr.train - INFO - GMR Metrics - TPR: 91.30, TNR: 57.84, BalancedAcc: 74.57
2026-10-01 21:48:04,636 - flashvtg_dq_cgp_v3_gmr.train - INFO - [Epoch 92]
2026-10-01 21:49:59,300 - flashvtg_dq_cgp_v3_gmr.train - INFO - 2026_10_01_21_49_59 [Epoch] 092 [Loss] loss_reg 0.1093 loss_cls 0.0066 loss_dq_cgp_bind 0.0261 loss_dq_cgp_route 0.0828 loss_dq_cgp_relation 0.0261 loss_dq_cgp_smooth 0.0095 loss_dq_cgp_level_js 0.5158 loss_dq_cgp_adjacent_js 0.0095 loss_dq_cgp_point_correction_ratio 0.9826 loss_dq_cgp_point_effect_js 0.0351 loss_dq_cgp_level_query_js 0.2003 loss_dq_cgp_route_load_balance 0.0637 loss_dq_cgp_route_entropy_target 0.0192 loss_dq_cgp_route_level_balance 0.0000 loss_dq_cgp_route_entropy 1.3861 loss_dq_cgp_usage_entropy 2.7089 loss_dq_cgp_effective_basis_count 15.0230 loss_dq_cgp_level_active_basis_count 4.0000 loss_dq_cgp_point_active_basis_count 4.0000 loss_dq_cgp_basis_usage_00 0.0629 loss_dq_cgp_basis_usage_01 0.0614 loss_dq_cgp_basis_usage_02 0.0642 loss_dq_cgp_basis_usage_03 0.0650 loss_dq_cgp_basis_usage_04 0.0621 loss_dq_cgp_basis_usage_05 0.0612 loss_dq_cgp_basis_usage_06 0.0642 loss_dq_cgp_basis_usage_07 0.0615 loss_dq_cgp_basis_usage_08 0.0631 loss_dq_cgp_basis_usage_09 0.0608 loss_dq_cgp_basis_usage_10 0.0614 loss_dq_cgp_basis_usage_11 0.0626 loss_dq_cgp_basis_usage_12 0.0647 loss_dq_cgp_basis_usage_13 0.0617 loss_dq_cgp_basis_usage_14 0.0635 loss_dq_cgp_basis_usage_15 0.0598 loss_dq_cgp_relation_route_js 0.0304 loss_dq_cgp_relation_attention_js 0.3265 loss_exist 0.0135 weighted_loss_overall 0.1587

2026-10-01 21:50:24,042 - flashvtg_dq_cgp_v3_gmr.train - INFO - metrics_no_nms OrderedDict([   ('MR-full-R1@0.3', 66.0),
                ('MR-full-R1@0.5', 55.42),
                ('MR-full-R1@0.7', 34.27),
                ('MR-full-mAP', 39.47),
                ('MR-full-mAP@0.5', 65.62),
                ('MR-full-mAP@0.75', 38.92),
                ('MR-full-mIoU', 47.62),
                ('GMR-TPR', 91.43),
                ('GMR-TNR', 57.65),
                ('GMR-BalancedAcc', 74.54)])
2026-10-01 21:50:24,042 - flashvtg_dq_cgp_v3_gmr.train - INFO - GMR Metrics - TPR: 91.43, TNR: 57.65, BalancedAcc: 74.54
2026-10-01 21:50:24,308 - flashvtg_dq_cgp_v3_gmr.train - INFO - [Epoch 93]
