Loaded datasets C1
{"fold": "C1", "arm": "S1_saliency_only", "epoch": 1, "step": 100, "loss": 6.311300754547119}
{"fold": "C1", "arm": "S1_saliency_only", "epoch": 1, "step": 200, "loss": 5.30381965637207}
{"fold": "C1", "arm": "S1_saliency_only", "epoch": 1, "step": 300, "loss": 5.3290791511535645}
{"fold": "C1", "arm": "S1_saliency_only", "epoch": 1, "step": 400, "loss": 4.679791450500488}
{"fold": "C1", "arm": "S1_saliency_only", "epoch": 1, "step": 500, "loss": 5.304734706878662}
{"fold": "C1", "arm": "S1_saliency_only", "epoch": 1, "step": 600, "loss": 5.536628246307373}
{"fold": "C1", "arm": "S1_saliency_only", "epoch": 1, "seen": {"pooled_auroc": 0.7900547757617256, "rows": 1451, "videos": 462, "source_pair_acc": 0.6707317073170732, "source_pairs": 492, "same_query_pair_acc": 0.5979383500660096, "same_query_support": 47, "raw_r1_iou_05": 0.3647932131495228, "raw_r1_iou_07": 0.1792152704135737, "threshold_logit": 4.507059574127197, "gated_r1_iou_05": 0.2301166489925769, "score_distribution": {"0": {"mean": 0.7579286978616724, "std": 4.5984423835366535, "quantiles": [-7.341628885269165, 1.1938026547431946, 6.0770293235778805]}, "1": {"mean": 5.65441616736787, "std": 3.8649470952695397, "quantiles": [0.7639803886413574, 5.81741189956665, 10.624289703369142]}}}, "losses": {"gmr": 1.544800562427399, "gmr_loss_span": 0.03341212503946072, "gmr_loss_giou": 0.23804705479043595, "gmr_loss_label": 0.025671768064488936, "gmr_class_error": 2.487576446996996, "gmr_loss_saliency": 0.0, "gmr_loss_exist": 0.18714736924877554, "gmr_loss_span_0": 0.03373375038777713, "gmr_loss_giou_0": 0.24055698914821388, "gmr_loss_label_0": 0.026225830220240862, "gmr_class_error_0": 2.512376222929331, "gmr_loss_exist_0": 0.0, "coarse": 2.9516047942239827, "fine": 0.8899456135770107, "rotated_bce": 4.875922004502595, "exist_pair": 1.482447511802419, "total": 5.386350977746911}, "chains": 2630, "seconds": 66.13004660606384, "selected": true, "exposure_sha256": "dd1b8444924396e221771e46273c471327997116a6848aa6d70e304376c56a7b"}
{"fold": "C1", "arm": "S1_saliency_only", "epoch": 2, "step": 100, "loss": 5.151432991027832}
{"fold": "C1", "arm": "S1_saliency_only", "epoch": 2, "step": 200, "loss": 5.645760536193848}
{"fold": "C1", "arm": "S1_saliency_only", "epoch": 2, "step": 300, "loss": 5.661421298980713}
{"fold": "C1", "arm": "S1_saliency_only", "epoch": 2, "step": 400, "loss": 5.474396705627441}
{"fold": "C1", "arm": "S1_saliency_only", "epoch": 2, "step": 500, "loss": 4.616689205169678}
{"fold": "C1", "arm": "S1_saliency_only", "epoch": 2, "step": 600, "loss": 5.667535781860352}
{"fold": "C1", "arm": "S1_saliency_only", "epoch": 2, "seen": {"pooled_auroc": 0.7867523651272117, "rows": 1451, "videos": 462, "source_pair_acc": 0.6686991869918699, "source_pairs": 492, "same_query_pair_acc": 0.6075558011728225, "same_query_support": 47, "raw_r1_iou_05": 0.3584305408271474, "raw_r1_iou_07": 0.18875927889713678, "threshold_logit": 3.8853888511657715, "gated_r1_iou_05": 0.23966065747614, "score_distribution": {"0": {"mean": 0.6163183870747333, "std": 4.720631175139309, "quantiles": [-7.484346771240235, 0.9501181244850159, 6.331989574432373]}, "1": {"mean": 5.623544526658755, "std": 4.050274135131673, "quantiles": [0.5630623698234559, 5.89487361907959, 10.892764282226564]}}}, "losses": {"gmr": 1.5153789249415819, "gmr_loss_span": 0.03278379798314809, "gmr_loss_giou": 0.2345586208722874, "gmr_loss_label": 0.025023666254349482, "gmr_class_error": 2.320070342089992, "gmr_loss_saliency": 0.0, "gmr_loss_exist": 0.18267001498753832, "gmr_loss_span_0": 0.033099978538031906, "gmr_loss_giou_0": 0.2365308926981452, "gmr_loss_label_0": 0.025671741012257374, "gmr_class_error_0": 2.3296618592050664, "gmr_loss_exist_0": 0.0, "coarse": 2.7567025462907138, "fine": 0.9230272330592831, "rotated_bce": 4.989542980324534, "exist_pair": 1.5037157269913737, "total": 5.1951087061032695}, "chains": 2632, "seconds": 65.67227458953857, "selected": false, "exposure_sha256": "6060c7700ed87ffcfe4ab42acbbed6cdcc22e3a662a36bf54f696481bef07c67"}
{"fold": "C1", "arm": "S1_saliency_only", "epoch": 3, "step": 100, "loss": 4.350035190582275}
{"fold": "C1", "arm": "S1_saliency_only", "epoch": 3, "step": 200, "loss": 5.232504844665527}
{"fold": "C1", "arm": "S1_saliency_only", "epoch": 3, "step": 300, "loss": 4.946511268615723}
{"fold": "C1", "arm": "S1_saliency_only", "epoch": 3, "step": 400, "loss": 5.120320796966553}
{"fold": "C1", "arm": "S1_saliency_only", "epoch": 3, "step": 500, "loss": 5.494359493255615}
{"fold": "C1", "arm": "S1_saliency_only", "epoch": 3, "step": 600, "loss": 5.422598361968994}
{"fold": "C1", "arm": "S1_saliency_only", "epoch": 3, "seen": {"pooled_auroc": 0.7844895249705663, "rows": 1451, "videos": 462, "source_pair_acc": 0.6686991869918699, "source_pairs": 492, "same_query_pair_acc": 0.5942444966381136, "same_query_support": 47, "raw_r1_iou_05": 0.37009544008483564, "raw_r1_iou_07": 0.19088016967126192, "threshold_logit": 4.206130504608154, "gated_r1_iou_05": 0.2449628844114528, "score_distribution": {"0": {"mean": 0.890574307591603, "std": 4.837306702024818, "quantiles": [-7.392526912689209, 1.2006734609603882, 6.661939907073975]}, "1": {"mean": 5.926240279136793, "std": 4.06911202170241, "quantiles": [0.7105468273162842, 6.330944061279297, 11.114586830139162]}}}, "losses": {"gmr": 1.5127116732503143, "gmr_loss_span": 0.03267877352760827, "gmr_loss_giou": 0.23358831401789804, "gmr_loss_label": 0.024833532010621214, "gmr_class_error": 2.2192384319827188, "gmr_loss_saliency": 0.0, "gmr_loss_exist": 0.18436223516094932, "gmr_loss_span_0": 0.03299891816786176, "gmr_loss_giou_0": 0.23511662404406758, "gmr_loss_label_0": 0.025883363605134393, "gmr_class_error_0": 2.2155364596010343, "gmr_loss_exist_0": 0.0, "coarse": 2.587749097303779, "fine": 0.9036584149559218, "rotated_bce": 4.977323925241511, "exist_pair": 1.541978569491837, "total": 5.004119192575612}, "chains": 2630, "seconds": 65.76540064811707, "selected": false, "exposure_sha256": "4717bd3aa38344b0bda292298aee7a5d827fed945d71364f3c6ad61b08b2577d"}
{"fold": "C1", "arm": "S1_saliency_only", "epoch": 4, "step": 100, "loss": 5.04872989654541}
{"fold": "C1", "arm": "S1_saliency_only", "epoch": 4, "step": 200, "loss": 5.054831504821777}
{"fold": "C1", "arm": "S1_saliency_only", "epoch": 4, "step": 300, "loss": 5.057820796966553}
{"fold": "C1", "arm": "S1_saliency_only", "epoch": 4, "step": 400, "loss": 4.679355144500732}
{"fold": "C1", "arm": "S1_saliency_only", "epoch": 4, "step": 500, "loss": 4.873021602630615}
{"fold": "C1", "arm": "S1_saliency_only", "epoch": 4, "step": 600, "loss": 4.918985366821289}
{"fold": "C1", "arm": "S1_saliency_only", "epoch": 4, "seen": {"pooled_auroc": 0.7788846118519385, "rows": 1451, "videos": 462, "source_pair_acc": 0.6666666666666666, "source_pairs": 492, "same_query_pair_acc": 0.6208939700960978, "same_query_support": 47, "raw_r1_iou_05": 0.3584305408271474, "raw_r1_iou_07": 0.18133616118769882, "threshold_logit": 4.286876201629639, "gated_r1_iou_05": 0.22693531283138918, "score_distribution": {"0": {"mean": 0.9023009209460983, "std": 4.833991964712488, "quantiles": [-7.386122751235962, 1.1487708687782288, 6.563111019134522]}, "1": {"mean": 5.737420397770146, "std": 3.9450387377709033, "quantiles": [0.7133052110671997, 6.013329982757568, 10.88184051513672]}}}, "losses": {"gmr": 1.5068406881170069, "gmr_loss_span": 0.032554171922811986, "gmr_loss_giou": 0.23142433404288393, "gmr_loss_label": 0.024667492221282245, "gmr_class_error": 2.2540031247588277, "gmr_loss_saliency": 0.0, "gmr_loss_exist": 0.18682875432495855, "gmr_loss_span_0": 0.0328322621147321, "gmr_loss_giou_0": 0.23369811442440042, "gmr_loss_label_0": 0.025588794519394456, "gmr_class_error_0": 2.30874932935535, "gmr_loss_exist_0": 0.0, "coarse": 2.501234364002309, "fine": 0.8902668932107444, "rotated_bce": 5.085236376904427, "exist_pair": 1.5045645465242101, "total": 4.898341953210918}, "chains": 2631, "seconds": 66.32502269744873, "selected": false, "exposure_sha256": "5ed8e3c879cb94ac5518c4ba3f688bdaafbc201d174b38bf87129c2f6b3f3713"}
{"fold": "C1", "arm": "S1_saliency_only", "epoch": 5, "step": 100, "loss": 4.466506481170654}
{"fold": "C1", "arm": "S1_saliency_only", "epoch": 5, "step": 200, "loss": 3.753589153289795}
{"fold": "C1", "arm": "S1_saliency_only", "epoch": 5, "step": 300, "loss": 4.911933422088623}
{"fold": "C1", "arm": "S1_saliency_only", "epoch": 5, "step": 400, "loss": 4.366130828857422}
{"fold": "C1", "arm": "S1_saliency_only", "epoch": 5, "step": 500, "loss": 4.791974067687988}
{"fold": "C1", "arm": "S1_saliency_only", "epoch": 5, "step": 600, "loss": 4.792407035827637}
{"fold": "C1", "arm": "S1_saliency_only", "epoch": 5, "seen": {"pooled_auroc": 0.7861177678877098, "rows": 1451, "videos": 462, "source_pair_acc": 0.6646341463414634, "source_pairs": 492, "same_query_pair_acc": 0.5832139786927022, "same_query_support": 47, "raw_r1_iou_05": 0.36585365853658536, "raw_r1_iou_07": 0.18345705196182396, "threshold_logit": 4.671974182128906, "gated_r1_iou_05": 0.2163308589607635, "score_distribution": {"0": {"mean": 0.5481828527275737, "std": 4.756243686183321, "quantiles": [-7.790329837799072, 0.8798523545265198, 5.973469972610475]}, "1": {"mean": 5.549754651956663, "std": 4.049292253478973, "quantiles": [0.45263422131538394, 5.76873779296875, 10.827546119689941]}}}, "losses": {"gmr": 1.4987008067974565, "gmr_loss_span": 0.032283270482460776, "gmr_loss_giou": 0.23067492357593902, "gmr_loss_label": 0.024932161589240866, "gmr_class_error": 2.301864786350981, "gmr_loss_saliency": 0.0, "gmr_loss_exist": 0.18636104305371032, "gmr_loss_span_0": 0.032523279069812464, "gmr_loss_giou_0": 0.2312612278234089, "gmr_loss_label_0": 0.025652367386706513, "gmr_class_error_0": 2.1746028332000082, "gmr_loss_exist_0": 0.0, "coarse": 2.4360942952901032, "fine": 0.8858647835653242, "rotated_bce": 4.9397256656982975, "exist_pair": 1.4761121033218132, "total": 4.820659880580148}, "chains": 2631, "seconds": 66.19903802871704, "selected": false, "exposure_sha256": "0f11eeedbb5c2ea71e3af78014338bb0875143849220d57ab62495e8e10abf76"}
{"fold": "C1", "arm": "S1_saliency_only", "epoch": 6, "step": 100, "loss": 5.0234832763671875}
{"fold": "C1", "arm": "S1_saliency_only", "epoch": 6, "step": 200, "loss": 4.453810691833496}
{"fold": "C1", "arm": "S1_saliency_only", "epoch": 6, "step": 300, "loss": 5.2353315353393555}
{"fold": "C1", "arm": "S1_saliency_only", "epoch": 6, "step": 400, "loss": 4.112045764923096}
{"fold": "C1", "arm": "S1_saliency_only", "epoch": 6, "step": 500, "loss": 5.385524272918701}
{"fold": "C1", "arm": "S1_saliency_only", "epoch": 6, "step": 600, "loss": 5.4374799728393555}
{"fold": "C1", "arm": "S1_saliency_only", "epoch": 6, "seen": {"pooled_auroc": 0.7830804685999615, "rows": 1451, "videos": 462, "source_pair_acc": 0.6727642276422764, "source_pairs": 492, "same_query_pair_acc": 0.5895109913726935, "same_query_support": 47, "raw_r1_iou_05": 0.36267232237539765, "raw_r1_iou_07": 0.18875927889713678, "threshold_logit": 4.95216178894043, "gated_r1_iou_05": 0.22269353128313893, "score_distribution": {"0": {"mean": 0.9003867893883093, "std": 4.884849274194395, "quantiles": [-7.808895063400269, 1.323619544506073, 6.581783437728882]}, "1": {"mean": 5.86012373976844, "std": 3.974867869654741, "quantiles": [0.7536448001861573, 6.230075359344482, 10.942721176147463]}}}, "losses": {"gmr": 1.4825376271295692, "gmr_loss_span": 0.0321655309812865, "gmr_loss_giou": 0.22914796409771798, "gmr_loss_label": 0.024354455416518234, "gmr_class_error": 2.3278734270924857, "gmr_loss_saliency": 0.0, "gmr_loss_exist": 0.17941471507863388, "gmr_loss_span_0": 0.032440625332114725, "gmr_loss_giou_0": 0.23069228490072904, "gmr_loss_label_0": 0.0249508206971771, "gmr_class_error_0": 2.111462404662715, "gmr_loss_exist_0": 0.0, "coarse": 2.3640373224183056, "fine": 0.8910795371401998, "rotated_bce": 4.984910816407131, "exist_pair": 1.4933075989995683, "total": 4.737654476180265}, "chains": 2632, "seconds": 66.35217046737671, "selected": false, "exposure_sha256": "093a4239ceeba0c16bad6a6ffced2e1bd5e0469eebc0f071116f3e0dd6c4877f"}
{"fold": "C1", "arm": "S1_saliency_only", "epoch": 7, "step": 100, "loss": 4.932827949523926}
{"fold": "C1", "arm": "S1_saliency_only", "epoch": 7, "step": 200, "loss": 4.617400169372559}
{"fold": "C1", "arm": "S1_saliency_only", "epoch": 7, "step": 300, "loss": 5.48366641998291}
{"fold": "C1", "arm": "S1_saliency_only", "epoch": 7, "step": 400, "loss": 5.3669023513793945}
{"fold": "C1", "arm": "S1_saliency_only", "epoch": 7, "step": 500, "loss": 4.954621315002441}
{"fold": "C1", "arm": "S1_saliency_only", "epoch": 7, "step": 600, "loss": 3.796569347381592}
{"fold": "C1", "arm": "S1_saliency_only", "epoch": 7, "seen": {"pooled_auroc": 0.7840762017685223, "rows": 1451, "videos": 462, "source_pair_acc": 0.6666666666666666, "source_pairs": 492, "same_query_pair_acc": 0.5973849436615395, "same_query_support": 47, "raw_r1_iou_05": 0.3616118769883351, "raw_r1_iou_07": 0.18345705196182396, "threshold_logit": 4.430799961090088, "gated_r1_iou_05": 0.23435843054082714, "score_distribution": {"0": {"mean": 0.9441802121522859, "std": 4.861531570842787, "quantiles": [-7.695676040649414, 1.3439047932624817, 6.486735582351686]}, "1": {"mean": 5.890933538505596, "std": 3.92661805775991, "quantiles": [0.7594528436660767, 6.307555198669434, 10.93839626312256]}}}, "losses": {"gmr": 1.4980917318432527, "gmr_loss_span": 0.03248648579291841, "gmr_loss_giou": 0.2314169330120449, "gmr_loss_label": 0.024406942439840196, "gmr_class_error": 2.3235406034985573, "gmr_loss_saliency": 0.0, "gmr_loss_exist": 0.18218895518376654, "gmr_loss_span_0": 0.03271484292058506, "gmr_loss_giou_0": 0.23342674910614555, "gmr_loss_label_0": 0.025354511728708413, "gmr_class_error_0": 2.324619826574818, "gmr_loss_exist_0": 0.0, "coarse": 2.3279392849710576, "fine": 0.8664001046161883, "rotated_bce": 4.937477133194364, "exist_pair": 1.4565130394733423, "total": 4.69243111472724}, "chains": 2631, "seconds": 66.4180748462677, "selected": false, "exposure_sha256": "5344ac7be05830f16adeda1df1d49db84f81100012e9df4890e426e7bafb068b"}
{"fold": "C1", "arm": "S1_saliency_only", "epoch": 8, "step": 100, "loss": 4.95195198059082}
{"fold": "C1", "arm": "S1_saliency_only", "epoch": 8, "step": 200, "loss": 5.13147497177124}
{"fold": "C1", "arm": "S1_saliency_only", "epoch": 8, "step": 300, "loss": 4.731626033782959}
{"fold": "C1", "arm": "S1_saliency_only", "epoch": 8, "step": 400, "loss": 3.1686482429504395}
{"fold": "C1", "arm": "S1_saliency_only", "epoch": 8, "step": 500, "loss": 3.7878527641296387}
{"fold": "C1", "arm": "S1_saliency_only", "epoch": 8, "step": 600, "loss": 2.9851441383361816}
{"fold": "C1", "arm": "S1_saliency_only", "epoch": 8, "seen": {"pooled_auroc": 0.786547791017109, "rows": 1451, "videos": 462, "source_pair_acc": 0.6646341463414634, "source_pairs": 492, "same_query_pair_acc": 0.5871899082005465, "same_query_support": 47, "raw_r1_iou_05": 0.3584305408271474, "raw_r1_iou_07": 0.18027571580063625, "threshold_logit": 4.4545578956604, "gated_r1_iou_05": 0.22375397667020147, "score_distribution": {"0": {"mean": 0.6812712352018891, "std": 4.840103185179294, "quantiles": [-7.901150798797607, 1.0018229484558105, 6.212807130813599]}, "1": {"mean": 5.748923427858888, "std": 4.062820182337262, "quantiles": [0.5337560653686524, 6.133555889129639, 10.964303016662598]}}}, "losses": {"gmr": 1.4758116784066777, "gmr_loss_span": 0.031872889215245524, "gmr_loss_giou": 0.22857386992513953, "gmr_loss_label": 0.024164843630600483, "gmr_class_error": 2.145424179030769, "gmr_loss_saliency": 0.0, "gmr_loss_exist": 0.17729950524402335, "gmr_loss_span_0": 0.032325272061961126, "gmr_loss_giou_0": 0.23127604860212303, "gmr_loss_label_0": 0.025005317975322527, "gmr_class_error_0": 2.2381360943918893, "gmr_loss_exist_0": 0.0, "coarse": 2.275190097763908, "fine": 0.8665156501223613, "rotated_bce": 5.051119426282344, "exist_pair": 1.4945303687038844, "total": 4.617517424934179}, "chains": 2632, "seconds": 66.20414614677429, "selected": false, "exposure_sha256": "1b15c3ec4d3ee56d618a9da3e35bc77a5daf107294deb14d54cf59df1a7a033b"}
{"fold": "C1", "arm": "S1_saliency_only", "epoch": 9, "step": 100, "loss": 5.405538082122803}
{"fold": "C1", "arm": "S1_saliency_only", "epoch": 9, "step": 200, "loss": 3.61824107170105}
{"fold": "C1", "arm": "S1_saliency_only", "epoch": 9, "step": 300, "loss": 4.66225528717041}
{"fold": "C1", "arm": "S1_saliency_only", "epoch": 9, "step": 400, "loss": 3.7050695419311523}
{"fold": "C1", "arm": "S1_saliency_only", "epoch": 9, "step": 500, "loss": 4.448493957519531}
{"fold": "C1", "arm": "S1_saliency_only", "epoch": 9, "step": 600, "loss": 4.337986946105957}
{"fold": "C1", "arm": "S1_saliency_only", "epoch": 9, "seen": {"pooled_auroc": 0.786547791017109, "rows": 1451, "videos": 462, "source_pair_acc": 0.6666666666666666, "source_pairs": 492, "same_query_pair_acc": 0.5961115716434866, "same_query_support": 47, "raw_r1_iou_05": 0.35418875927889715, "raw_r1_iou_07": 0.18451749734888653, "threshold_logit": 3.8748857975006104, "gated_r1_iou_05": 0.23329798515376457, "score_distribution": {"0": {"mean": 0.596684324819096, "std": 4.824851982426881, "quantiles": [-7.98243556022644, 0.8871439099311829, 6.035272264480591]}, "1": {"mean": 5.709946128368883, "std": 4.1543794883639675, "quantiles": [0.44763112664222715, 5.8780131340026855, 11.170056915283206]}}}, "losses": {"gmr": 1.4610794447475655, "gmr_loss_span": 0.03159294624764778, "gmr_loss_giou": 0.22624959775153264, "gmr_loss_label": 0.02421896016978203, "gmr_class_error": 2.27324984936004, "gmr_loss_saliency": 0.0, "gmr_loss_exist": 0.17578987226719575, "gmr_loss_span_0": 0.03183361864436452, "gmr_loss_giou_0": 0.22789188706539684, "gmr_loss_label_0": 0.025001649774531735, "gmr_class_error_0": 2.234452476617413, "gmr_loss_exist_0": 0.0, "coarse": 2.2320640444030877, "fine": 0.8644000005124188, "rotated_bce": 5.138667778765901, "exist_pair": 1.5535907703692426, "total": 4.557543493331747}, "chains": 2631, "seconds": 65.72448897361755, "selected": false, "exposure_sha256": "f2aaaf6ef30d4a910efa11ba4cc63fc23a562a30950b4da88824ad02403c978a"}
{"fold": "C1", "arm": "S1_saliency_only", "epoch": 10, "step": 100, "loss": 3.529097080230713}
{"fold": "C1", "arm": "S1_saliency_only", "epoch": 10, "step": 200, "loss": 4.845519542694092}
{"fold": "C1", "arm": "S1_saliency_only", "epoch": 10, "step": 300, "loss": 4.4928483963012695}
{"fold": "C1", "arm": "S1_saliency_only", "epoch": 10, "step": 400, "loss": 4.18675422668457}
{"fold": "C1", "arm": "S1_saliency_only", "epoch": 10, "step": 500, "loss": 4.7400383949279785}
{"fold": "C1", "arm": "S1_saliency_only", "epoch": 10, "step": 600, "loss": 4.087325096130371}
{"fold": "C1", "arm": "S1_saliency_only", "epoch": 10, "seen": {"pooled_auroc": 0.7845563246799876, "rows": 1451, "videos": 462, "source_pair_acc": 0.6666666666666666, "source_pairs": 492, "same_query_pair_acc": 0.5892557796813116, "same_query_support": 47, "raw_r1_iou_05": 0.36585365853658536, "raw_r1_iou_07": 0.18345705196182396, "threshold_logit": 4.414689064025879, "gated_r1_iou_05": 0.22693531283138918, "score_distribution": {"0": {"mean": 0.8282165296199754, "std": 4.91878754912623, "quantiles": [-7.8236206531524655, 1.1582379341125488, 6.352425622940063]}, "1": {"mean": 5.90523450016533, "std": 4.0773175458643145, "quantiles": [0.5685401916503906, 6.240376949310303, 11.105823516845703]}}}, "losses": {"gmr": 1.4815522540122905, "gmr_loss_span": 0.0318421051812027, "gmr_loss_giou": 0.22880171877997263, "gmr_loss_label": 0.024545123659096953, "gmr_class_error": 2.2149677682430187, "gmr_loss_saliency": 0.0, "gmr_loss_exist": 0.18156164694445825, "gmr_loss_span_0": 0.032198570929127986, "gmr_loss_giou_0": 0.23087439755130684, "gmr_loss_label_0": 0.025431809302894993, "gmr_class_error_0": 2.346019605735153, "gmr_loss_exist_0": 0.0, "coarse": 2.2118249015605196, "fine": 0.8655788758514862, "rotated_bce": 5.135953943055451, "exist_pair": 1.5190072242612171, "total": 4.558956044423182}, "chains": 2630, "seconds": 65.56721234321594, "selected": false, "exposure_sha256": "bab766f8cfc7a21dae8053be8f9dbe20a3851fae58fa23c3255a839edc038b32"}
{"fold": "C1", "arm": "S1_saliency_only", "epoch": 11, "step": 100, "loss": 5.540814399719238}
{"fold": "C1", "arm": "S1_saliency_only", "epoch": 11, "step": 200, "loss": 4.569308280944824}
{"fold": "C1", "arm": "S1_saliency_only", "epoch": 11, "step": 300, "loss": 4.056587219238281}
{"fold": "C1", "arm": "S1_saliency_only", "epoch": 11, "step": 400, "loss": 3.2036983966827393}
{"fold": "C1", "arm": "S1_saliency_only", "epoch": 11, "step": 500, "loss": 3.6640682220458984}
{"fold": "C1", "arm": "S1_saliency_only", "epoch": 11, "step": 600, "loss": 4.307317733764648}
{"fold": "C1", "arm": "S1_saliency_only", "epoch": 11, "seen": {"pooled_auroc": 0.7846523492622807, "rows": 1451, "videos": 462, "source_pair_acc": 0.6686991869918699, "source_pairs": 492, "same_query_pair_acc": 0.5790768628534586, "same_query_support": 47, "raw_r1_iou_05": 0.3647932131495228, "raw_r1_iou_07": 0.18663838812301167, "threshold_logit": 3.9973437786102295, "gated_r1_iou_05": 0.23753976670201485, "score_distribution": {"0": {"mean": 0.6381036604527296, "std": 4.800758707977824, "quantiles": [-7.868757104873657, 0.9935278296470642, 6.133985376358033]}, "1": {"mean": 5.6285452937365585, "std": 4.051399610677761, "quantiles": [0.5256879806518555, 5.862908363342285, 10.844408988952638]}}}, "losses": {"gmr": 1.4783600670226076, "gmr_loss_span": 0.03213791358695114, "gmr_loss_giou": 0.22846890812722745, "gmr_loss_label": 0.02389169707582941, "gmr_class_error": 2.232812040844949, "gmr_loss_saliency": 0.0, "gmr_loss_exist": 0.1788251642075843, "gmr_loss_span_0": 0.032446293776011305, "gmr_loss_giou_0": 0.230617562948661, "gmr_loss_label_0": 0.02475989207846189, "gmr_class_error_0": 2.154288062933368, "gmr_loss_exist_0": 0.0, "coarse": 2.185948085821146, "fine": 0.8533440422504506, "rotated_bce": 5.112122675930475, "exist_pair": 1.5028726032122652, "total": 4.51765219165199}, "chains": 2632, "seconds": 65.85050797462463, "selected": false, "exposure_sha256": "4cf55c045f3b7ce4174e1ec75c982e2703d29150bb7378422941fdc1cf7195a5"}
{"fold": "C1", "arm": "S1_saliency_only", "epoch": 12, "step": 100, "loss": 3.6651411056518555}
{"fold": "C1", "arm": "S1_saliency_only", "epoch": 12, "step": 200, "loss": 4.93375825881958}
{"fold": "C1", "arm": "S1_saliency_only", "epoch": 12, "step": 300, "loss": 4.7648491859436035}
{"fold": "C1", "arm": "S1_saliency_only", "epoch": 12, "step": 400, "loss": 4.101940631866455}
{"fold": "C1", "arm": "S1_saliency_only", "epoch": 12, "step": 500, "loss": 4.417824745178223}
{"fold": "C1", "arm": "S1_saliency_only", "epoch": 12, "step": 600, "loss": 4.726768493652344}
{"fold": "C1", "arm": "S1_saliency_only", "epoch": 12, "seen": {"pooled_auroc": 0.782543983433672, "rows": 1451, "videos": 462, "source_pair_acc": 0.6747967479674797, "source_pairs": 492, "same_query_pair_acc": 0.5526127536765836, "same_query_support": 47, "raw_r1_iou_05": 0.3637327677624602, "raw_r1_iou_07": 0.17709437963944857, "threshold_logit": 4.6652374267578125, "gated_r1_iou_05": 0.21314952279957583, "score_distribution": {"0": {"mean": 0.6988046541223376, "std": 4.804949056423149, "quantiles": [-7.722910165786743, 0.9968720376491547, 6.203325557708741]}, "1": {"mean": 5.672886381046264, "std": 4.103583711164969, "quantiles": [0.47203513383865364, 5.999434947967529, 11.049599266052248]}}}, "losses": {"gmr": 1.4623932984281094, "gmr_loss_span": 0.031776382812896124, "gmr_loss_giou": 0.22635668280639185, "gmr_loss_label": 0.02391036763917485, "gmr_class_error": 2.317140677779641, "gmr_loss_saliency": 0.0, "gmr_loss_exist": 0.17509612745087377, "gmr_loss_span_0": 0.032118252103463224, "gmr_loss_giou_0": 0.22851073953654266, "gmr_loss_label_0": 0.02446048246628653, "gmr_class_error_0": 2.2943408119642266, "gmr_loss_exist_0": 0.0, "coarse": 2.121579224306037, "fine": 0.8512799396975063, "rotated_bce": 5.1524904756198175, "exist_pair": 1.5502596011096583, "total": 4.435252451244459}, "chains": 2631, "seconds": 63.08836555480957, "selected": false, "exposure_sha256": "ddf687f458889cd6c8106eac630c203921f95c9e7d2412d36988f6667ba7e25c"}
{"fold": "C1", "arm": "S1_saliency_only", "epoch": 13, "step": 100, "loss": 3.8205504417419434}
{"fold": "C1", "arm": "S1_saliency_only", "epoch": 13, "step": 200, "loss": 4.35380220413208}
{"fold": "C1", "arm": "S1_saliency_only", "epoch": 13, "step": 300, "loss": 3.917447566986084}
{"fold": "C1", "arm": "S1_saliency_only", "epoch": 13, "step": 400, "loss": 3.626295566558838}
{"fold": "C1", "arm": "S1_saliency_only", "epoch": 13, "step": 500, "loss": 4.842991828918457}
{"fold": "C1", "arm": "S1_saliency_only", "epoch": 13, "step": 600, "loss": 6.12337064743042}
{"fold": "C1", "arm": "S1_saliency_only", "epoch": 13, "seen": {"pooled_auroc": 0.782840407144229, "rows": 1451, "videos": 462, "source_pair_acc": 0.676829268292683, "source_pairs": 492, "same_query_pair_acc": 0.5629609161524055, "same_query_support": 47, "raw_r1_iou_05": 0.3647932131495228, "raw_r1_iou_07": 0.18981972428419935, "threshold_logit": 5.028929710388184, "gated_r1_iou_05": 0.22799575821845175, "score_distribution": {"0": {"mean": 1.0810601911324216, "std": 5.151597417870971, "quantiles": [-8.05619306564331, 1.4151617288589478, 6.976773691177368]}, "1": {"mean": 6.292004197867526, "std": 4.161035941784347, "quantiles": [0.7474039793014526, 6.705425262451172, 11.518825721740724]}}}, "losses": {"gmr": 1.471438736629341, "gmr_loss_span": 0.03176337865104836, "gmr_loss_giou": 0.22662148313274136, "gmr_loss_label": 0.02433887945833449, "gmr_class_error": 2.1839773067949753, "gmr_loss_saliency": 0.0, "gmr_loss_exist": 0.17893865243545917, "gmr_loss_span_0": 0.032185996942063595, "gmr_loss_giou_0": 0.2293078843107883, "gmr_loss_label_0": 0.024930359829658796, "gmr_class_error_0": 2.1789879494525017, "gmr_loss_exist_0": 0.0, "coarse": 2.070404594883006, "fine": 0.8483434722597476, "rotated_bce": 5.100288340385924, "exist_pair": 1.556606402864119, "total": 4.390186808029569}, "chains": 2632, "seconds": 61.55119800567627, "selected": false, "exposure_sha256": "7f1feaec1bb27e849be9564787b600de427681d8cf2d07730ede5670551074d3"}
{"fold": "C1", "arm": "S1_saliency_only", "epoch": 14, "step": 100, "loss": 4.637520790100098}
{"fold": "C1", "arm": "S1_saliency_only", "epoch": 14, "step": 200, "loss": 4.7045063972473145}
{"fold": "C1", "arm": "S1_saliency_only", "epoch": 14, "step": 300, "loss": 3.804124593734741}
{"fold": "C1", "arm": "S1_saliency_only", "epoch": 14, "step": 400, "loss": 3.894977569580078}
{"fold": "C1", "arm": "S1_saliency_only", "epoch": 14, "step": 500, "loss": 4.352108478546143}
{"fold": "C1", "arm": "S1_saliency_only", "epoch": 14, "step": 600, "loss": 5.632513046264648}
{"fold": "C1", "arm": "S1_saliency_only", "epoch": 14, "seen": {"pooled_auroc": 0.784387237915515, "rows": 1451, "videos": 462, "source_pair_acc": 0.6808943089430894, "source_pairs": 492, "same_query_pair_acc": 0.5735293666144731, "same_query_support": 47, "raw_r1_iou_05": 0.3563096500530223, "raw_r1_iou_07": 0.1728525980911983, "threshold_logit": 4.587510585784912, "gated_r1_iou_05": 0.2258748674443266, "score_distribution": {"0": {"mean": 0.7209277975438969, "std": 4.953027675637522, "quantiles": [-7.950279188156128, 1.0460750460624695, 6.4728209495544435]}, "1": {"mean": 5.877399837382904, "std": 4.198427035050714, "quantiles": [0.5647126317024231, 6.0728983879089355, 11.322966957092287]}}}, "losses": {"gmr": 1.4625516666105092, "gmr_loss_span": 0.03158066426701051, "gmr_loss_giou": 0.2259835712385214, "gmr_loss_label": 0.023885386446802267, "gmr_class_error": 2.5208399694378976, "gmr_loss_saliency": 0.0, "gmr_loss_exist": 0.1785372156171428, "gmr_loss_span_0": 0.031965136164261485, "gmr_loss_giou_0": 0.2285455937715287, "gmr_loss_label_0": 0.024621434999476995, "gmr_class_error_0": 2.3176654363475673, "gmr_loss_exist_0": 0.0, "coarse": 2.0695658060736206, "fine": 0.8535718856249175, "rotated_bce": 5.18575735186371, "exist_pair": 1.5454850463553311, "total": 4.385689361117168}, "chains": 2632, "seconds": 61.39311981201172, "selected": false, "exposure_sha256": "12d718ef5a4a82743c747f172d9b49ce87f1beb611d3dbb45e396a37f0d5b76b"}
{"fold": "C1", "arm": "S1_saliency_only", "epoch": 15, "step": 100, "loss": 4.7903337478637695}
{"fold": "C1", "arm": "S1_saliency_only", "epoch": 15, "step": 200, "loss": 4.8559722900390625}
{"fold": "C1", "arm": "S1_saliency_only", "epoch": 15, "step": 300, "loss": 3.8656930923461914}
{"fold": "C1", "arm": "S1_saliency_only", "epoch": 15, "step": 400, "loss": 4.265470027923584}
{"fold": "C1", "arm": "S1_saliency_only", "epoch": 15, "step": 500, "loss": 4.490377902984619}
{"fold": "C1", "arm": "S1_saliency_only", "epoch": 15, "step": 600, "loss": 5.317545413970947}
{"fold": "C1", "arm": "S1_saliency_only", "epoch": 15, "seen": {"pooled_auroc": 0.7807111664064261, "rows": 1451, "videos": 462, "source_pair_acc": 0.6727642276422764, "source_pairs": 492, "same_query_pair_acc": 0.5479410365048664, "same_query_support": 47, "raw_r1_iou_05": 0.3616118769883351, "raw_r1_iou_07": 0.1728525980911983, "threshold_logit": 4.568923473358154, "gated_r1_iou_05": 0.2110286320254507, "score_distribution": {"0": {"mean": 0.4981569768714271, "std": 4.836994789130458, "quantiles": [-8.188232517242431, 0.8310143351554871, 5.9455717086792]}, "1": {"mean": 5.503520840314767, "std": 4.1546652421772645, "quantiles": [0.4149712026119233, 5.666593551635742, 10.912860870361328]}}}, "losses": {"gmr": 1.4534020800720957, "gmr_loss_span": 0.03140887310218893, "gmr_loss_giou": 0.22382218668118437, "gmr_loss_label": 0.02408165527552955, "gmr_class_error": 2.257610228286326, "gmr_loss_saliency": 0.0, "gmr_loss_exist": 0.1765026495619295, "gmr_loss_span_0": 0.03165423500954561, "gmr_loss_giou_0": 0.2253203059356988, "gmr_loss_label_0": 0.025199809533439147, "gmr_class_error_0": 2.2623513868152187, "gmr_loss_exist_0": 0.0, "coarse": 2.0663487582402387, "fine": 0.8458792136976422, "rotated_bce": 5.221315559645192, "exist_pair": 1.555061459088398, "total": 4.365630057082712}, "chains": 2631, "seconds": 63.83731651306152, "selected": false, "exposure_sha256": "5610277808f3292429433cfd5978649a7b079c862fe171546b99310f4bc2d9ab"}
{"fold": "C1", "arm": "S1_saliency_only", "epoch": 16, "step": 100, "loss": 3.8112998008728027}
{"fold": "C1", "arm": "S1_saliency_only", "epoch": 16, "step": 200, "loss": 3.4133057594299316}
{"fold": "C1", "arm": "S1_saliency_only", "epoch": 16, "step": 300, "loss": 4.985732555389404}
{"fold": "C1", "arm": "S1_saliency_only", "epoch": 16, "step": 400, "loss": 4.148645877838135}
{"fold": "C1", "arm": "S1_saliency_only", "epoch": 16, "step": 500, "loss": 4.7301201820373535}
{"fold": "C1", "arm": "S1_saliency_only", "epoch": 16, "step": 600, "loss": 4.494997978210449}
{"fold": "C1", "arm": "S1_saliency_only", "epoch": 16, "seen": {"pooled_auroc": 0.7834311670744232, "rows": 1451, "videos": 462, "source_pair_acc": 0.6727642276422764, "source_pairs": 492, "same_query_pair_acc": 0.5638850511190937, "same_query_support": 47, "raw_r1_iou_05": 0.36903499469777307, "raw_r1_iou_07": 0.18133616118769882, "threshold_logit": 4.258227825164795, "gated_r1_iou_05": 0.23753976670201485, "score_distribution": {"0": {"mean": 0.8842922243047652, "std": 4.882206205452273, "quantiles": [-7.7862479209899895, 1.106409728527069, 6.434723949432374]}, "1": {"mean": 5.936332419111708, "std": 4.133325150665188, "quantiles": [0.659286618232727, 6.158706188201904, 11.300496101379398]}}}, "losses": {"gmr": 1.4666616236366399, "gmr_loss_span": 0.031627721591968666, "gmr_loss_giou": 0.22613293254085587, "gmr_loss_label": 0.024031879362653046, "gmr_class_error": 2.4634201954201, "gmr_loss_saliency": 0.0, "gmr_loss_exist": 0.18119096203203283, "gmr_loss_span_0": 0.03195936112426855, "gmr_loss_giou_0": 0.22830012144017003, "gmr_loss_label_0": 0.0247598157510569, "gmr_class_error_0": 2.316352786264159, "gmr_loss_exist_0": 0.0, "coarse": 2.0360149506558765, "fine": 0.8352612800964107, "rotated_bce": 5.094912328618638, "exist_pair": 1.5632723264373545, "total": 4.337937854705973}, "chains": 2631, "seconds": 66.51512241363525, "selected": false, "exposure_sha256": "3f5ba6e21b55a2276d7a424afdfb84ad6bb1ff32c79ca81a9d9035968e8db70f"}
{"fold": "C1", "arm": "S1_saliency_only", "epoch": 17, "step": 100, "loss": 4.481792449951172}
{"fold": "C1", "arm": "S1_saliency_only", "epoch": 17, "step": 200, "loss": 4.2174906730651855}
{"fold": "C1", "arm": "S1_saliency_only", "epoch": 17, "step": 300, "loss": 5.79857063293457}
{"fold": "C1", "arm": "S1_saliency_only", "epoch": 17, "step": 400, "loss": 6.288527965545654}
{"fold": "C1", "arm": "S1_saliency_only", "epoch": 17, "step": 500, "loss": 3.384977102279663}
{"fold": "C1", "arm": "S1_saliency_only", "epoch": 17, "step": 600, "loss": 4.088794231414795}
{"fold": "C1", "arm": "S1_saliency_only", "epoch": 17, "seen": {"pooled_auroc": 0.7855144830119989, "rows": 1451, "videos": 462, "source_pair_acc": 0.6747967479674797, "source_pairs": 492, "same_query_pair_acc": 0.58299906358417, "same_query_support": 47, "raw_r1_iou_05": 0.34994697773064687, "raw_r1_iou_07": 0.1792152704135737, "threshold_logit": 4.790060043334961, "gated_r1_iou_05": 0.21951219512195122, "score_distribution": {"0": {"mean": 0.9268825451410779, "std": 5.002019479693227, "quantiles": [-7.814402294158936, 1.289198100566864, 6.954156064987183]}, "1": {"mean": 6.182715530024322, "std": 4.2680745482585225, "quantiles": [0.6287685751914979, 6.477585792541504, 11.662770843505859]}}}, "losses": {"gmr": 1.459467382144783, "gmr_loss_span": 0.03165152932355877, "gmr_loss_giou": 0.2259866661394983, "gmr_loss_label": 0.023910383466704772, "gmr_class_error": 2.301094426210166, "gmr_loss_saliency": 0.0, "gmr_loss_exist": 0.17501691610575015, "gmr_loss_span_0": 0.031998586474343185, "gmr_loss_giou_0": 0.22834276859747601, "gmr_loss_label_0": 0.024494583930786257, "gmr_class_error_0": 2.163763376717147, "gmr_loss_exist_0": 0.0, "coarse": 2.011907080658301, "fine": 0.8383966252253048, "rotated_bce": 5.256382879515187, "exist_pair": 1.596795167921162, "total": 4.309771092829371}, "chains": 2631, "seconds": 66.16311955451965, "selected": false, "exposure_sha256": "12575839584711276c77119a03b3539656c077a7fa7520d45ea0526ebdec06de"}
{"fold": "C1", "arm": "S1_saliency_only", "epoch": 18, "step": 100, "loss": 4.870471000671387}
{"fold": "C1", "arm": "S1_saliency_only", "epoch": 18, "step": 200, "loss": 4.9157633781433105}
{"fold": "C1", "arm": "S1_saliency_only", "epoch": 18, "step": 300, "loss": 3.75643253326416}
{"fold": "C1", "arm": "S1_saliency_only", "epoch": 18, "step": 400, "loss": 4.803298473358154}
{"fold": "C1", "arm": "S1_saliency_only", "epoch": 18, "step": 500, "loss": 4.563291072845459}
{"fold": "C1", "arm": "S1_saliency_only", "epoch": 18, "step": 600, "loss": 4.205665588378906}
{"fold": "C1", "arm": "S1_saliency_only", "epoch": 18, "seen": {"pooled_auroc": 0.7794628468366163, "rows": 1451, "videos": 462, "source_pair_acc": 0.6666666666666666, "source_pairs": 492, "same_query_pair_acc": 0.6043320745448405, "same_query_support": 47, "raw_r1_iou_05": 0.352067868504772, "raw_r1_iou_07": 0.17497348886532343, "threshold_logit": 4.886544704437256, "gated_r1_iou_05": 0.2258748674443266, "score_distribution": {"0": {"mean": 1.214146410760389, "std": 4.870631593656848, "quantiles": [-7.072327136993408, 1.3837997913360596, 6.944524192810059]}, "1": {"mean": 6.2179591025868755, "std": 4.161844887224576, "quantiles": [0.7170278549194335, 6.523562431335449, 11.579851150512695]}}}, "losses": {"gmr": 1.4594885403443252, "gmr_loss_span": 0.03151951453543769, "gmr_loss_giou": 0.22619990342067367, "gmr_loss_label": 0.023979578294584636, "gmr_class_error": 2.3839176259142287, "gmr_loss_saliency": 0.0, "gmr_loss_exist": 0.1768006840968465, "gmr_loss_span_0": 0.03181541983128772, "gmr_loss_giou_0": 0.2278870735827007, "gmr_loss_label_0": 0.024833305668097137, "gmr_class_error_0": 2.231796612493173, "gmr_loss_exist_0": 0.0, "coarse": 1.9896586192233947, "fine": 0.8390458051375705, "rotated_bce": 5.289189666237875, "exist_pair": 1.5801031492129647, "total": 4.288192978021222}, "chains": 2631, "seconds": 65.98829364776611, "selected": false, "exposure_sha256": "fb7cc2286c11de28d285a5ca17d8799b15e83cf79a290816daa6f8272494c306"}
{"fold": "C1", "arm": "S1_saliency_only", "epoch": 19, "step": 100, "loss": 5.566037654876709}
{"fold": "C1", "arm": "S1_saliency_only", "epoch": 19, "step": 200, "loss": 4.391470909118652}
{"fold": "C1", "arm": "S1_saliency_only", "epoch": 19, "step": 300, "loss": 4.279045104980469}
{"fold": "C1", "arm": "S1_saliency_only", "epoch": 19, "step": 400, "loss": 3.978163480758667}
{"fold": "C1", "arm": "S1_saliency_only", "epoch": 19, "step": 500, "loss": 4.6202778816223145}
{"fold": "C1", "arm": "S1_saliency_only", "epoch": 19, "step": 600, "loss": 3.8425073623657227}
{"fold": "C1", "arm": "S1_saliency_only", "epoch": 19, "seen": {"pooled_auroc": 0.7830408062724927, "rows": 1451, "videos": 462, "source_pair_acc": 0.676829268292683, "source_pairs": 492, "same_query_pair_acc": 0.6036282275643978, "same_query_support": 47, "raw_r1_iou_05": 0.34782608695652173, "raw_r1_iou_07": 0.17815482502651114, "threshold_logit": 4.377903461456299, "gated_r1_iou_05": 0.22163308589607636, "score_distribution": {"0": {"mean": 0.6958858195222973, "std": 4.892932397356553, "quantiles": [-7.826449394226074, 0.9145359992980957, 6.596212244033814]}, "1": {"mean": 5.814051113706695, "std": 4.24641512766242, "quantiles": [0.4764644861221314, 6.102281093597412, 11.398095512390137]}}}, "losses": {"gmr": 1.4561573908321763, "gmr_loss_span": 0.031397841807092486, "gmr_loss_giou": 0.2247153225504881, "gmr_loss_label": 0.023972242048695275, "gmr_class_error": 2.3761977221828103, "gmr_loss_saliency": 0.0, "gmr_loss_exist": 0.1773329442954342, "gmr_loss_span_0": 0.03172573562581262, "gmr_loss_giou_0": 0.226726627300032, "gmr_loss_label_0": 0.02506443819789765, "gmr_class_error_0": 2.3132053595545807, "gmr_loss_exist_0": 0.0, "coarse": 1.9405288303152044, "fine": 0.8309572204086918, "rotated_bce": 5.291111408033632, "exist_pair": 1.5998359348138054, "total": 4.227643445632378}, "chains": 2631, "seconds": 65.78005290031433, "selected": false, "exposure_sha256": "b7e94a89ec6d60a0e1cfb1c0ed3bbf72f1a49d2bdba475f78a68ddfa2db2c258"}
{"fold": "C1", "arm": "S1_saliency_only", "epoch": 20, "step": 100, "loss": 3.333407402038574}
{"fold": "C1", "arm": "S1_saliency_only", "epoch": 20, "step": 200, "loss": 4.460488796234131}
{"fold": "C1", "arm": "S1_saliency_only", "epoch": 20, "step": 300, "loss": 4.491291046142578}
{"fold": "C1", "arm": "S1_saliency_only", "epoch": 20, "step": 400, "loss": 3.402116298675537}
{"fold": "C1", "arm": "S1_saliency_only", "epoch": 20, "step": 500, "loss": 4.129637718200684}
{"fold": "C1", "arm": "S1_saliency_only", "epoch": 20, "step": 600, "loss": 3.8726212978363037}
{"fold": "C1", "arm": "S1_saliency_only", "epoch": 20, "seen": {"pooled_auroc": 0.781239301609038, "rows": 1451, "videos": 462, "source_pair_acc": 0.6808943089430894, "source_pairs": 492, "same_query_pair_acc": 0.5855619262534156, "same_query_support": 47, "raw_r1_iou_05": 0.35418875927889715, "raw_r1_iou_07": 0.1792152704135737, "threshold_logit": 4.778596878051758, "gated_r1_iou_05": 0.21527041357370094, "score_distribution": {"0": {"mean": 0.7663859233377487, "std": 4.978145881885662, "quantiles": [-7.888650608062743, 1.0788304805755615, 6.770226001739502]}, "1": {"mean": 5.890656519862937, "std": 4.229845190278332, "quantiles": [0.5210052609443665, 6.100164413452148, 11.466463851928712]}}}, "losses": {"gmr": 1.449893339698438, "gmr_loss_span": 0.031373201054167056, "gmr_loss_giou": 0.22459768263855243, "gmr_loss_label": 0.02345657395482018, "gmr_class_error": 2.1119457465174714, "gmr_loss_saliency": 0.0, "gmr_loss_exist": 0.17630565754706917, "gmr_loss_span_0": 0.03170850696212026, "gmr_loss_giou_0": 0.22728174602142945, "gmr_loss_label_0": 0.02426621998663097, "gmr_class_error_0": 2.2604232022827517, "gmr_loss_exist_0": 0.0, "coarse": 1.9414186150650847, "fine": 0.8229167721825893, "rotated_bce": 5.191952193399331, "exist_pair": 1.5614693020795978, "total": 4.214228722099837}, "chains": 2632, "seconds": 66.0545585155487, "selected": false, "exposure_sha256": "a91c0d75751716963a353808a3ba6efbbdbabe6a3b258cf3b94f4c2ab2dae266"}
{"fold": "C1", "arm": "S1_saliency_only", "epoch": 21, "step": 100, "loss": 3.7574622631073}
{"fold": "C1", "arm": "S1_saliency_only", "epoch": 21, "step": 200, "loss": 3.682553768157959}
{"fold": "C1", "arm": "S1_saliency_only", "epoch": 21, "step": 300, "loss": 3.7771859169006348}
{"fold": "C1", "arm": "S1_saliency_only", "epoch": 21, "step": 400, "loss": 4.507081031799316}
{"fold": "C1", "arm": "S1_saliency_only", "epoch": 21, "step": 500, "loss": 3.662522315979004}
{"fold": "C1", "arm": "S1_saliency_only", "epoch": 21, "step": 600, "loss": 4.375459671020508}
{"fold": "C1", "arm": "S1_saliency_only", "epoch": 21, "seen": {"pooled_auroc": 0.7767699835505716, "rows": 1451, "videos": 462, "source_pair_acc": 0.6727642276422764, "source_pairs": 492, "same_query_pair_acc": 0.6007376193546408, "same_query_support": 47, "raw_r1_iou_05": 0.35949098621421, "raw_r1_iou_07": 0.18663838812301167, "threshold_logit": 4.760825157165527, "gated_r1_iou_05": 0.22269353128313893, "score_distribution": {"0": {"mean": 0.9273094263323766, "std": 5.043545440099258, "quantiles": [-8.002146434783935, 1.1220991015434265, 6.792254257202149]}, "1": {"mean": 6.046428719770523, "std": 4.2999795118042705, "quantiles": [0.47230848073959353, 6.343054294586182, 11.659469032287598]}}}, "losses": {"gmr": 1.4571199088292281, "gmr_loss_span": 0.031517557127508804, "gmr_loss_giou": 0.22574342477013637, "gmr_loss_label": 0.023782365384305004, "gmr_class_error": 2.2270661791769566, "gmr_loss_saliency": 0.0, "gmr_loss_exist": 0.17554214316643887, "gmr_loss_span_0": 0.03189060067627749, "gmr_loss_giou_0": 0.2285736540168252, "gmr_loss_label_0": 0.024512411822355425, "gmr_class_error_0": 2.218716375008905, "gmr_loss_exist_0": 0.0, "coarse": 1.9322169366940902, "fine": 0.8228829587303034, "rotated_bce": 5.209393511427209, "exist_pair": 1.5416906590383828, "total": 4.212219799543224}, "chains": 2632, "seconds": 66.32401299476624, "selected": false, "exposure_sha256": "b5a64b5c4d0f76d3804c9bfb09cde3b9c9b59abed005f315191b94f17c29382e"}
{"fold": "C1", "arm": "S1_saliency_only", "epoch": 22, "step": 100, "loss": 4.44861364364624}
{"fold": "C1", "arm": "S1_saliency_only", "epoch": 22, "step": 200, "loss": 4.199540138244629}
{"fold": "C1", "arm": "S1_saliency_only", "epoch": 22, "step": 300, "loss": 4.0347161293029785}
{"fold": "C1", "arm": "S1_saliency_only", "epoch": 22, "step": 400, "loss": 5.46033239364624}
{"fold": "C1", "arm": "S1_saliency_only", "epoch": 22, "step": 500, "loss": 3.9751806259155273}
{"fold": "C1", "arm": "S1_saliency_only", "epoch": 22, "step": 600, "loss": 3.95575213432312}
{"fold": "C1", "arm": "S1_saliency_only", "epoch": 22, "seen": {"pooled_auroc": 0.7804711049506934, "rows": 1451, "videos": 462, "source_pair_acc": 0.6829268292682927, "source_pairs": 492, "same_query_pair_acc": 0.5995448405022874, "same_query_support": 47, "raw_r1_iou_05": 0.35100742311770944, "raw_r1_iou_07": 0.18133616118769882, "threshold_logit": 5.397202491760254, "gated_r1_iou_05": 0.21951219512195122, "score_distribution": {"0": {"mean": 1.208650562391565, "std": 4.996398308655484, "quantiles": [-7.582645416259766, 1.326168179512024, 7.135206127166748]}, "1": {"mean": 6.379538388573194, "std": 4.2781147924192044, "quantiles": [0.6848518252372742, 6.791811466217041, 11.939140129089356]}}}, "losses": {"gmr": 1.4434838674532244, "gmr_loss_span": 0.031219657909657274, "gmr_loss_giou": 0.22368456100575104, "gmr_loss_label": 0.023385957920199152, "gmr_class_error": 2.1249029049395065, "gmr_loss_saliency": 0.0, "gmr_loss_exist": 0.17490738666935549, "gmr_loss_span_0": 0.03154815449789846, "gmr_loss_giou_0": 0.2261119693359162, "gmr_loss_label_0": 0.024389497859341216, "gmr_class_error_0": 2.173943992081384, "gmr_loss_exist_0": 0.0, "coarse": 1.8983217987789571, "fine": 0.8187064994069942, "rotated_bce": 5.3201622473795, "exist_pair": 1.606248329158612, "total": 4.1605121660015145}, "chains": 2632, "seconds": 66.02996110916138, "selected": false, "exposure_sha256": "2b75e6b99f61c58c2dcf67431bb6097a415fecf1af4d3fad7c19d740f4ca02a2"}
{"fold": "C1", "arm": "S1_saliency_only", "epoch": 23, "step": 100, "loss": 4.580485820770264}
{"fold": "C1", "arm": "S1_saliency_only", "epoch": 23, "step": 200, "loss": 3.2542221546173096}
{"fold": "C1", "arm": "S1_saliency_only", "epoch": 23, "step": 300, "loss": 4.7040205001831055}
{"fold": "C1", "arm": "S1_saliency_only", "epoch": 23, "step": 400, "loss": 4.15673828125}
{"fold": "C1", "arm": "S1_saliency_only", "epoch": 23, "step": 500, "loss": 3.4315428733825684}
{"fold": "C1", "arm": "S1_saliency_only", "epoch": 23, "step": 600, "loss": 4.328103065490723}
{"fold": "C1", "arm": "S1_saliency_only", "epoch": 23, "seen": {"pooled_auroc": 0.781239301609038, "rows": 1451, "videos": 462, "source_pair_acc": 0.6808943089430894, "source_pairs": 492, "same_query_pair_acc": 0.6022097878480858, "same_query_support": 47, "raw_r1_iou_05": 0.35418875927889715, "raw_r1_iou_07": 0.1919406150583245, "threshold_logit": 5.365161418914795, "gated_r1_iou_05": 0.21314952279957583, "score_distribution": {"0": {"mean": 0.9358756254669133, "std": 5.09808894769585, "quantiles": [-7.959688186645508, 1.2430233359336853, 7.17510838508606]}, "1": {"mean": 6.202232104904894, "std": 4.324358649978855, "quantiles": [0.5207558631896974, 6.496181011199951, 11.840879631042482]}}}, "losses": {"gmr": 1.4431312318812026, "gmr_loss_span": 0.03130146480762714, "gmr_loss_giou": 0.22369280562801203, "gmr_loss_label": 0.023079193599867466, "gmr_class_error": 2.1931059585153876, "gmr_loss_saliency": 0.0, "gmr_loss_exist": 0.17320235238069426, "gmr_loss_span_0": 0.0318202095935659, "gmr_loss_giou_0": 0.22686714607667416, "gmr_loss_label_0": 0.023958852436778484, "gmr_class_error_0": 2.21434422177022, "gmr_loss_exist_0": 0.0, "coarse": 1.8534559516921232, "fine": 0.8300217186698073, "rotated_bce": 5.333670000899526, "exist_pair": 1.621767376037173, "total": 4.1266088996614725}, "chains": 2632, "seconds": 66.05258560180664, "selected": false, "exposure_sha256": "0846c8bbb562dcc9f66e0b23c20e4cf572bd6eec98119ddee8e14168811388f2"}
{"fold": "C1", "arm": "S1_saliency_only", "epoch": 24, "step": 100, "loss": 4.040251731872559}
{"fold": "C1", "arm": "S1_saliency_only", "epoch": 24, "step": 200, "loss": 4.056267261505127}
{"fold": "C1", "arm": "S1_saliency_only", "epoch": 24, "step": 300, "loss": 3.991525173187256}
{"fold": "C1", "arm": "S1_saliency_only", "epoch": 24, "step": 400, "loss": 4.135888576507568}
{"fold": "C1", "arm": "S1_saliency_only", "epoch": 24, "step": 500, "loss": 4.1678571701049805}
{"fold": "C1", "arm": "S1_saliency_only", "epoch": 24, "step": 600, "loss": 4.844763278961182}
{"fold": "C1", "arm": "S1_saliency_only", "epoch": 24, "seen": {"pooled_auroc": 0.7794336219637443, "rows": 1451, "videos": 462, "source_pair_acc": 0.6747967479674797, "source_pairs": 492, "same_query_pair_acc": 0.5749585520862117, "same_query_support": 47, "raw_r1_iou_05": 0.3531283138918346, "raw_r1_iou_07": 0.17073170731707318, "threshold_logit": 4.4154815673828125, "gated_r1_iou_05": 0.2301166489925769, "score_distribution": {"0": {"mean": 0.7713250070956983, "std": 5.11447290893949, "quantiles": [-8.156760597229004, 1.142354130744934, 6.665309762954713]}, "1": {"mean": 5.987816329843988, "std": 4.296332893749919, "quantiles": [0.4929490089416504, 6.2757368087768555, 11.533933067321778]}}}, "losses": {"gmr": 1.4426689181465508, "gmr_loss_span": 0.031101852724764574, "gmr_loss_giou": 0.22325578170027413, "gmr_loss_label": 0.02338374833545243, "gmr_class_error": 2.2771623373756293, "gmr_loss_saliency": 0.0, "gmr_loss_exist": 0.17623489776535645, "gmr_loss_span_0": 0.031599316048212235, "gmr_loss_giou_0": 0.22687221400009464, "gmr_loss_label_0": 0.023939835500696782, "gmr_class_error_0": 2.1058423700303655, "gmr_loss_exist_0": 0.0, "coarse": 1.8351201934111516, "fine": 0.8183213357776856, "rotated_bce": 5.2987005732342105, "exist_pair": 1.6068396354518764, "total": 4.09611045988135}, "chains": 2631, "seconds": 65.82776117324829, "selected": false, "exposure_sha256": "8fe7cf23d521ba0c330d47f496c93d259d0a1f558e51e0b9e3424c36a3e8dd6c"}
{"fold": "C1", "arm": "S1_saliency_only", "epoch": 25, "step": 100, "loss": 4.154853820800781}
{"fold": "C1", "arm": "S1_saliency_only", "epoch": 25, "step": 200, "loss": 3.8882761001586914}
{"fold": "C1", "arm": "S1_saliency_only", "epoch": 25, "step": 300, "loss": 3.9685308933258057}
{"fold": "C1", "arm": "S1_saliency_only", "epoch": 25, "step": 400, "loss": 5.009050369262695}
{"fold": "C1", "arm": "S1_saliency_only", "epoch": 25, "step": 500, "loss": 4.542459487915039}
{"fold": "C1", "arm": "S1_saliency_only", "epoch": 25, "step": 600, "loss": 4.147009372711182}
{"fold": "C1", "arm": "S1_saliency_only", "epoch": 25, "seen": {"pooled_auroc": 0.7800222944030194, "rows": 1451, "videos": 462, "source_pair_acc": 0.6829268292682927, "source_pairs": 492, "same_query_pair_acc": 0.5372194590279696, "same_query_support": 47, "raw_r1_iou_05": 0.3605514316012725, "raw_r1_iou_07": 0.18133616118769882, "threshold_logit": 4.57110071182251, "gated_r1_iou_05": 0.23329798515376457, "score_distribution": {"0": {"mean": 0.9455182821761201, "std": 5.001994895809862, "quantiles": [-7.82551212310791, 1.3173044919967651, 6.698804426193237]}, "1": {"mean": 6.045865512973494, "std": 4.211118317342699, "quantiles": [0.6317122340202332, 6.395570755004883, 11.631302261352541]}}}, "losses": {"gmr": 1.4507224322452372, "gmr_loss_span": 0.03135228616760132, "gmr_loss_giou": 0.22449300986202292, "gmr_loss_label": 0.023397360461279975, "gmr_class_error": 2.269244196929468, "gmr_loss_saliency": 0.0, "gmr_loss_exist": 0.1762230431684983, "gmr_loss_span_0": 0.03181066001994722, "gmr_loss_giou_0": 0.22757897118395223, "gmr_loss_label_0": 0.024302126802249295, "gmr_class_error_0": 2.1323793289509227, "gmr_loss_exist_0": 0.0, "coarse": 1.8125416933584357, "fine": 0.8185726160064657, "rotated_bce": 5.242940755600625, "exist_pair": 1.587770102313496, "total": 4.081836739209647}, "chains": 2632, "seconds": 65.87448287010193, "selected": false, "exposure_sha256": "d8b54b13d808ef1d427ff404db47de44885aeedcf9e0f0ee6d8219092489eb6e"}
{"fold": "C1", "arm": "S1_saliency_only", "epoch": 26, "step": 100, "loss": 4.7060441970825195}
{"fold": "C1", "arm": "S1_saliency_only", "epoch": 26, "step": 200, "loss": 4.4613494873046875}
{"fold": "C1", "arm": "S1_saliency_only", "epoch": 26, "step": 300, "loss": 4.3344340324401855}
{"fold": "C1", "arm": "S1_saliency_only", "epoch": 26, "step": 400, "loss": 3.7051234245300293}
{"fold": "C1", "arm": "S1_saliency_only", "epoch": 26, "step": 500, "loss": 3.7402853965759277}
{"fold": "C1", "arm": "S1_saliency_only", "epoch": 26, "step": 600, "loss": 2.5831706523895264}
{"fold": "C1", "arm": "S1_saliency_only", "epoch": 26, "seen": {"pooled_auroc": 0.785610507594292, "rows": 1451, "videos": 462, "source_pair_acc": 0.6808943089430894, "source_pairs": 492, "same_query_pair_acc": 0.588890423996807, "same_query_support": 47, "raw_r1_iou_05": 0.3563096500530223, "raw_r1_iou_07": 0.18133616118769882, "threshold_logit": 4.95521879196167, "gated_r1_iou_05": 0.22269353128313893, "score_distribution": {"0": {"mean": 0.6884358457810297, "std": 5.059353057640892, "quantiles": [-8.12755823135376, 1.0636037588119507, 6.663670015335083]}, "1": {"mean": 6.004068776143444, "std": 4.3260160767088705, "quantiles": [0.5353401899337769, 6.382039546966553, 11.77442302703858]}}}, "losses": {"gmr": 1.4352390742591812, "gmr_loss_span": 0.031076933868727605, "gmr_loss_giou": 0.22151281332489567, "gmr_loss_label": 0.02320725634258161, "gmr_class_error": 2.2366696505561063, "gmr_loss_saliency": 0.0, "gmr_loss_exist": 0.17476378764538236, "gmr_loss_span_0": 0.03156777338116319, "gmr_loss_giou_0": 0.2249728798254826, "gmr_loss_label_0": 0.023678373566639006, "gmr_class_error_0": 2.35445521160462, "gmr_loss_exist_0": 0.0, "coarse": 1.8125003714873074, "fine": 0.8125779899148593, "rotated_bce": 5.266422709433141, "exist_pair": 1.591588691714868, "total": 4.060317438424177}, "chains": 2632, "seconds": 65.84587144851685, "selected": false, "exposure_sha256": "57a6483d2d7755336490bff93da1c20263e291f43eabadb120b5350636e610a1"}
{"fold": "C1", "arm": "S1_saliency_only", "epoch": 27, "step": 100, "loss": 3.534632921218872}
{"fold": "C1", "arm": "S1_saliency_only", "epoch": 27, "step": 200, "loss": 4.592604160308838}
{"fold": "C1", "arm": "S1_saliency_only", "epoch": 27, "step": 300, "loss": 4.748482704162598}
{"fold": "C1", "arm": "S1_saliency_only", "epoch": 27, "step": 400, "loss": 3.1239495277404785}
{"fold": "C1", "arm": "S1_saliency_only", "epoch": 27, "step": 500, "loss": 5.60383939743042}
{"fold": "C1", "arm": "S1_saliency_only", "epoch": 27, "step": 600, "loss": 3.3691394329071045}
{"fold": "C1", "arm": "S1_saliency_only", "epoch": 27, "seen": {"pooled_auroc": 0.7827402075800969, "rows": 1451, "videos": 462, "source_pair_acc": 0.6849593495934959, "source_pairs": 492, "same_query_pair_acc": 0.5545013201928096, "same_query_support": 47, "raw_r1_iou_05": 0.34994697773064687, "raw_r1_iou_07": 0.1792152704135737, "threshold_logit": 5.083715438842773, "gated_r1_iou_05": 0.21527041357370094, "score_distribution": {"0": {"mean": 0.9623556727484808, "std": 5.09240576005963, "quantiles": [-7.9511627674102785, 1.2077288031578064, 7.0244528770446815]}, "1": {"mean": 6.252137674909571, "std": 4.311834293551726, "quantiles": [0.6565996408462524, 6.574895858764648, 11.830779266357423]}}}, "losses": {"gmr": 1.4374852842654138, "gmr_loss_span": 0.031422142768816566, "gmr_loss_giou": 0.2225695943918453, "gmr_loss_label": 0.022826244554972123, "gmr_class_error": 2.2940167018345425, "gmr_loss_saliency": 0.0, "gmr_loss_exist": 0.17280563032895038, "gmr_loss_span_0": 0.0317089587979381, "gmr_loss_giou_0": 0.2252303491088938, "gmr_loss_label_0": 0.02356592905042427, "gmr_class_error_0": 2.181350070292464, "gmr_loss_exist_0": 0.0, "coarse": 1.793790487351751, "fine": 0.8158744453568589, "rotated_bce": 5.276033223218831, "exist_pair": 1.58673491186284, "total": 4.047150215479379}, "chains": 2632, "seconds": 65.61581182479858, "selected": false, "exposure_sha256": "44ae6fe7f15e5216ec28794a614bdf86587109aba766df6214a1502565b5f2bb"}
{"fold": "C1", "arm": "S1_saliency_only", "epoch": 28, "step": 100, "loss": 3.242828369140625}
{"fold": "C1", "arm": "S1_saliency_only", "epoch": 28, "step": 200, "loss": 3.591279983520508}
{"fold": "C1", "arm": "S1_saliency_only", "epoch": 28, "step": 300, "loss": 3.355753183364868}
{"fold": "C1", "arm": "S1_saliency_only", "epoch": 28, "step": 400, "loss": 4.349273204803467}
{"fold": "C1", "arm": "S1_saliency_only", "epoch": 28, "step": 500, "loss": 3.2590699195861816}
{"fold": "C1", "arm": "S1_saliency_only", "epoch": 28, "step": 600, "loss": 3.56449031829834}
{"fold": "C1", "arm": "S1_saliency_only", "epoch": 28, "seen": {"pooled_auroc": 0.7806276667696496, "rows": 1451, "videos": 462, "source_pair_acc": 0.6707317073170732, "source_pairs": 492, "same_query_pair_acc": 0.5809143870314084, "same_query_support": 47, "raw_r1_iou_05": 0.3531283138918346, "raw_r1_iou_07": 0.1823966065747614, "threshold_logit": 5.055061340332031, "gated_r1_iou_05": 0.2110286320254507, "score_distribution": {"0": {"mean": 0.9127232126642283, "std": 5.059029212257939, "quantiles": [-7.893302392959594, 1.18513023853302, 6.704025459289554]}, "1": {"mean": 6.134222378600724, "std": 4.31700980257933, "quantiles": [0.5515897512435913, 6.443569183349609, 11.765063095092776]}}}, "losses": {"gmr": 1.4372914653599806, "gmr_loss_span": 0.03098630936997504, "gmr_loss_giou": 0.2222704373209491, "gmr_loss_label": 0.023411588969790464, "gmr_class_error": 2.295507715103474, "gmr_loss_saliency": 0.0, "gmr_loss_exist": 0.17643592990531465, "gmr_loss_span_0": 0.03139390012017228, "gmr_loss_giou_0": 0.22532363773796335, "gmr_loss_label_0": 0.02395325203321444, "gmr_class_error_0": 2.210819696582922, "gmr_loss_exist_0": 0.0, "coarse": 1.7492681449126328, "fine": 0.8040506345613387, "rotated_bce": 5.1869342127831874, "exist_pair": 1.5475811470175405, "total": 3.9906102375418944}, "chains": 2632, "seconds": 65.68331551551819, "selected": false, "exposure_sha256": "c5d779e35bc04d41ef33245caff33d0b9d99b12a1ef32834ccb6a9fb34690a9a"}
{"fold": "C1", "arm": "S1_saliency_only", "epoch": 29, "step": 100, "loss": 2.930753231048584}
{"fold": "C1", "arm": "S1_saliency_only", "epoch": 29, "step": 200, "loss": 4.247028350830078}
{"fold": "C1", "arm": "S1_saliency_only", "epoch": 29, "step": 300, "loss": 3.544386625289917}
{"fold": "C1", "arm": "S1_saliency_only", "epoch": 29, "step": 400, "loss": 4.308492660522461}
{"fold": "C1", "arm": "S1_saliency_only", "epoch": 29, "step": 500, "loss": 4.67191219329834}
{"fold": "C1", "arm": "S1_saliency_only", "epoch": 29, "step": 600, "loss": 3.1225128173828125}
{"fold": "C1", "arm": "S1_saliency_only", "epoch": 29, "seen": {"pooled_auroc": 0.7835167542021192, "rows": 1451, "videos": 462, "source_pair_acc": 0.6788617886178862, "source_pairs": 492, "same_query_pair_acc": 0.5723903165392527, "same_query_support": 47, "raw_r1_iou_05": 0.34782608695652173, "raw_r1_iou_07": 0.18451749734888653, "threshold_logit": 4.829753398895264, "gated_r1_iou_05": 0.2142099681866384, "score_distribution": {"0": {"mean": 0.80810689735483, "std": 5.014743926881376, "quantiles": [-8.00664005279541, 1.0991039276123047, 6.465322732925415]}, "1": {"mean": 6.078044556974101, "std": 4.344661405550325, "quantiles": [0.5073784947395324, 6.343753814697266, 11.73880443572998]}}}, "losses": {"gmr": 1.4315619743160202, "gmr_loss_span": 0.03108552556858599, "gmr_loss_giou": 0.2215692660117403, "gmr_loss_label": 0.02265862710236099, "gmr_class_error": 2.1146735565278307, "gmr_loss_saliency": 0.0, "gmr_loss_exist": 0.17470316355552604, "gmr_loss_span_0": 0.031455902302054556, "gmr_loss_giou_0": 0.22455148974088188, "gmr_loss_label_0": 0.023672317732182136, "gmr_class_error_0": 2.313974537023295, "gmr_loss_exist_0": 0.0, "coarse": 1.7397989606694249, "fine": 0.8028752543371861, "rotated_bce": 5.266235503019895, "exist_pair": 1.594607540720502, "total": 3.974236187239186}, "chains": 2632, "seconds": 65.7240891456604, "selected": false, "exposure_sha256": "a9f851368f0e0ceb4cc1cd19843979c888c6cc3071870bd208b0d58857693e08"}
{"fold": "C1", "arm": "S1_saliency_only", "epoch": 30, "step": 100, "loss": 3.3503503799438477}
{"fold": "C1", "arm": "S1_saliency_only", "epoch": 30, "step": 200, "loss": 4.399160385131836}
{"fold": "C1", "arm": "S1_saliency_only", "epoch": 30, "step": 300, "loss": 5.092134475708008}
{"fold": "C1", "arm": "S1_saliency_only", "epoch": 30, "step": 400, "loss": 3.7348825931549072}
{"fold": "C1", "arm": "S1_saliency_only", "epoch": 30, "step": 500, "loss": 3.804676055908203}
{"fold": "C1", "arm": "S1_saliency_only", "epoch": 30, "step": 600, "loss": 4.470070838928223}
{"fold": "C1", "arm": "S1_saliency_only", "epoch": 30, "seen": {"pooled_auroc": 0.7835188416930386, "rows": 1451, "videos": 462, "source_pair_acc": 0.676829268292683, "source_pairs": 492, "same_query_pair_acc": 0.6004098738141291, "same_query_support": 47, "raw_r1_iou_05": 0.3531283138918346, "raw_r1_iou_07": 0.17709437963944857, "threshold_logit": 4.521578311920166, "gated_r1_iou_05": 0.2163308589607635, "score_distribution": {"0": {"mean": 0.6546029056253748, "std": 5.044559281729347, "quantiles": [-8.142032623291016, 1.095817744731903, 6.416563129425051]}, "1": {"mean": 5.9637715280893495, "std": 4.38431909952473, "quantiles": [0.529352355003357, 6.186705112457275, 11.740834617614746]}}}, "losses": {"gmr": 1.4269166537150062, "gmr_loss_span": 0.03083624160992927, "gmr_loss_giou": 0.221497850792658, "gmr_loss_label": 0.02263072077156608, "gmr_class_error": 2.094911986933653, "gmr_loss_saliency": 0.0, "gmr_loss_exist": 0.174274728949094, "gmr_loss_span_0": 0.03131386486949303, "gmr_loss_giou_0": 0.2246829353295561, "gmr_loss_label_0": 0.02360929773927958, "gmr_class_error_0": 2.128594801418687, "gmr_loss_exist_0": 0.0, "coarse": 1.7593637397767563, "fine": 0.792413491608524, "rotated_bce": 5.3009421303641835, "exist_pair": 1.606318816157641, "total": 3.978693877672352}, "chains": 2632, "seconds": 66.36851668357849, "selected": false, "exposure_sha256": "c1772e17517b888a3effe1a1b672fd550795532000dda8c77a6896876a7f0064"}
{"fold": "C1", "arm": "S1_saliency_only", "epoch": 31, "step": 100, "loss": 3.8148622512817383}
{"fold": "C1", "arm": "S1_saliency_only", "epoch": 31, "step": 200, "loss": 4.411319255828857}
{"fold": "C1", "arm": "S1_saliency_only", "epoch": 31, "step": 300, "loss": 4.281723499298096}
{"fold": "C1", "arm": "S1_saliency_only", "epoch": 31, "step": 400, "loss": 4.87615966796875}
{"fold": "C1", "arm": "S1_saliency_only", "epoch": 31, "step": 500, "loss": 3.7897541522979736}
{"fold": "C1", "arm": "S1_saliency_only", "epoch": 31, "step": 600, "loss": 3.4830071926116943}
{"fold": "C1", "arm": "S1_saliency_only", "epoch": 31, "seen": {"pooled_auroc": 0.7853140838837351, "rows": 1451, "videos": 462, "source_pair_acc": 0.676829268292683, "source_pairs": 492, "same_query_pair_acc": 0.5778599060513954, "same_query_support": 47, "raw_r1_iou_05": 0.35737009544008486, "raw_r1_iou_07": 0.18133616118769882, "threshold_logit": 5.088669776916504, "gated_r1_iou_05": 0.2067868504772004, "score_distribution": {"0": {"mean": 0.7441766313900511, "std": 5.144583070844841, "quantiles": [-8.24451379776001, 1.0872965455055237, 6.617051219940187]}, "1": {"mean": 6.1664793180264255, "std": 4.430076609102453, "quantiles": [0.5005910396575928, 6.455421447753906, 12.02301025390625]}}}, "losses": {"gmr": 1.429633671117771, "gmr_loss_span": 0.031147480824832045, "gmr_loss_giou": 0.22173261272191638, "gmr_loss_label": 0.02245739223095829, "gmr_class_error": 2.217808917663018, "gmr_loss_saliency": 0.0, "gmr_loss_exist": 0.17310302417462065, "gmr_loss_span_0": 0.0315177490478976, "gmr_loss_giou_0": 0.22433545484595385, "gmr_loss_label_0": 0.023495178724891055, "gmr_class_error_0": 2.2112802546075048, "gmr_loss_exist_0": 0.0, "coarse": 1.712495186182141, "fine": 0.7991468736556525, "rotated_bce": 5.394891759001375, "exist_pair": 1.6336282551469774, "total": 3.9412757401046057}, "chains": 2631, "seconds": 66.1651041507721, "selected": false, "exposure_sha256": "5d4cbae428dd37df9c3d937e58b984054435d65b8111001079a1a2cd441f6be9"}
{"fold": "C1", "arm": "S1_saliency_only", "epoch": 32, "step": 100, "loss": 5.064906120300293}
{"fold": "C1", "arm": "S1_saliency_only", "epoch": 32, "step": 200, "loss": 4.124415397644043}
{"fold": "C1", "arm": "S1_saliency_only", "epoch": 32, "step": 300, "loss": 4.58494758605957}
{"fold": "C1", "arm": "S1_saliency_only", "epoch": 32, "step": 400, "loss": 3.549039363861084}
{"fold": "C1", "arm": "S1_saliency_only", "epoch": 32, "step": 500, "loss": 3.4312033653259277}
{"fold": "C1", "arm": "S1_saliency_only", "epoch": 32, "step": 600, "loss": 3.359877109527588}
{"fold": "C1", "arm": "S1_saliency_only", "epoch": 32, "seen": {"pooled_auroc": 0.7823895091056354, "rows": 1451, "videos": 462, "source_pair_acc": 0.6808943089430894, "source_pairs": 492, "same_query_pair_acc": 0.5417380491848577, "same_query_support": 47, "raw_r1_iou_05": 0.34994697773064687, "raw_r1_iou_07": 0.17815482502651114, "threshold_logit": 5.220905780792236, "gated_r1_iou_05": 0.19830328738069988, "score_distribution": {"0": {"mean": 0.6801767979462551, "std": 5.044071651501828, "quantiles": [-8.15174512863159, 1.0659608840942383, 6.273538732528687]}, "1": {"mean": 5.96261174928235, "std": 4.3760331036412925, "quantiles": [0.4738620758056641, 6.310507297515869, 11.676024246215823]}}}, "losses": {"gmr": 1.4261638336449771, "gmr_loss_span": 0.030908063591930643, "gmr_loss_giou": 0.22174040441002166, "gmr_loss_label": 0.022769554441024784, "gmr_class_error": 2.203486039645766, "gmr_loss_saliency": 0.0, "gmr_loss_exist": 0.17302559637521198, "gmr_loss_span_0": 0.031321846885680245, "gmr_loss_giou_0": 0.2242635759584447, "gmr_loss_label_0": 0.023439233260665167, "gmr_class_error_0": 2.197599092153068, "gmr_loss_exist_0": 0.0, "coarse": 1.675805913369344, "fine": 0.806881594440495, "rotated_bce": 5.374437935446533, "exist_pair": 1.6351322995946038, "total": 3.908851338737279}, "chains": 2632, "seconds": 66.14308714866638, "selected": false, "exposure_sha256": "1b01fae5c10fec8976962241dd287652a179009ebb6bf08350ffb3004785f0e7"}
{"fold": "C1", "arm": "S1_saliency_only", "epoch": 33, "step": 100, "loss": 4.459961891174316}
{"fold": "C1", "arm": "S1_saliency_only", "epoch": 33, "step": 200, "loss": 4.3159942626953125}
{"fold": "C1", "arm": "S1_saliency_only", "epoch": 33, "step": 300, "loss": 3.8522610664367676}
{"fold": "C1", "arm": "S1_saliency_only", "epoch": 33, "step": 400, "loss": 3.480740547180176}
{"fold": "C1", "arm": "S1_saliency_only", "epoch": 33, "step": 500, "loss": 3.785019874572754}
{"fold": "C1", "arm": "S1_saliency_only", "epoch": 33, "step": 600, "loss": 3.4425156116485596}
{"fold": "C1", "arm": "S1_saliency_only", "epoch": 33, "seen": {"pooled_auroc": 0.7830366312906539, "rows": 1451, "videos": 462, "source_pair_acc": 0.6707317073170732, "source_pairs": 492, "same_query_pair_acc": 0.5862201037732953, "same_query_support": 47, "raw_r1_iou_05": 0.3563096500530223, "raw_r1_iou_07": 0.176033934252386, "threshold_logit": 5.27153205871582, "gated_r1_iou_05": 0.20254506892895016, "score_distribution": {"0": {"mean": 0.6732080118715997, "std": 5.075776155499181, "quantiles": [-8.185749721527099, 1.0125287771224976, 6.390063285827637]}, "1": {"mean": 5.954558040796604, "std": 4.363863525776092, "quantiles": [0.41883490681648256, 6.25640344619751, 11.729739761352542]}}}, "losses": {"gmr": 1.431139846884371, "gmr_loss_span": 0.030997242421862928, "gmr_loss_giou": 0.2220947207899985, "gmr_loss_label": 0.02239365069306028, "gmr_class_error": 2.2904862632867413, "gmr_loss_saliency": 0.0, "gmr_loss_exist": 0.1749378982542145, "gmr_loss_span_0": 0.03150605458460499, "gmr_loss_giou_0": 0.22527707627433774, "gmr_loss_label_0": 0.023555644559971195, "gmr_class_error_0": 2.2807373116443945, "gmr_loss_exist_0": 0.0, "coarse": 1.6880185963716188, "fine": 0.7980513578580868, "rotated_bce": 5.322648701334434, "exist_pair": 1.608015407454279, "total": 3.9172097995288464}, "chains": 2631, "seconds": 66.38336038589478, "selected": false, "exposure_sha256": "7d0f1a50ddb387d112d20dca6cd4aaa6057d6d4fe29aecb64becf55f6a6a2314"}
{"fold": "C1", "arm": "S1_saliency_only", "epoch": 34, "step": 100, "loss": 4.6711015701293945}
{"fold": "C1", "arm": "S1_saliency_only", "epoch": 34, "step": 200, "loss": 3.758504867553711}
{"fold": "C1", "arm": "S1_saliency_only", "epoch": 34, "step": 300, "loss": 3.788832664489746}
{"fold": "C1", "arm": "S1_saliency_only", "epoch": 34, "step": 400, "loss": 4.411214828491211}
{"fold": "C1", "arm": "S1_saliency_only", "epoch": 34, "step": 500, "loss": 3.963629722595215}
{"fold": "C1", "arm": "S1_saliency_only", "epoch": 34, "step": 600, "loss": 2.8398194313049316}
{"fold": "C1", "arm": "S1_saliency_only", "epoch": 34, "seen": {"pooled_auroc": 0.7820680355040456, "rows": 1451, "videos": 462, "source_pair_acc": 0.6788617886178862, "source_pairs": 492, "same_query_pair_acc": 0.5867520186669123, "same_query_support": 47, "raw_r1_iou_05": 0.34994697773064687, "raw_r1_iou_07": 0.1792152704135737, "threshold_logit": 5.105480670928955, "gated_r1_iou_05": 0.21314952279957583, "score_distribution": {"0": {"mean": 0.858108516129863, "std": 5.150305376058168, "quantiles": [-8.249754810333252, 1.2126652598381042, 6.531672668457032]}, "1": {"mean": 6.15734596054286, "std": 4.347433371786458, "quantiles": [0.5840999841690063, 6.562957763671875, 11.854150199890137]}}}, "losses": {"gmr": 1.4271578406490453, "gmr_loss_span": 0.030962413503847857, "gmr_loss_giou": 0.2214447219592822, "gmr_loss_label": 0.022360611198849318, "gmr_class_error": 2.2770573578344653, "gmr_loss_saliency": 0.0, "gmr_loss_exist": 0.17557529018311493, "gmr_loss_span_0": 0.031345600705299424, "gmr_loss_giou_0": 0.22422224915045735, "gmr_loss_label_0": 0.023348247615399696, "gmr_class_error_0": 2.090726510369669, "gmr_loss_exist_0": 0.0, "coarse": 1.670993217400142, "fine": 0.7871323112387063, "rotated_bce": 5.324555237967193, "exist_pair": 1.6145613236086709, "total": 3.885283364351035}, "chains": 2631, "seconds": 66.26187109947205, "selected": false, "exposure_sha256": "dc8608f6ccb45c736c9ea76274188242774a12713ddee9513bde5768780040b1"}
{"fold": "C1", "arm": "S1_saliency_only", "epoch": 35, "step": 100, "loss": 4.035489559173584}
{"fold": "C1", "arm": "S1_saliency_only", "epoch": 35, "step": 200, "loss": 4.088105201721191}
{"fold": "C1", "arm": "S1_saliency_only", "epoch": 35, "step": 300, "loss": 3.4316701889038086}
{"fold": "C1", "arm": "S1_saliency_only", "epoch": 35, "step": 400, "loss": 2.759748935699463}
{"fold": "C1", "arm": "S1_saliency_only", "epoch": 35, "step": 500, "loss": 3.6115636825561523}
{"fold": "C1", "arm": "S1_saliency_only", "epoch": 35, "step": 600, "loss": 4.181520938873291}
{"fold": "C1", "arm": "S1_saliency_only", "epoch": 35, "seen": {"pooled_auroc": 0.7798281577475138, "rows": 1451, "videos": 462, "source_pair_acc": 0.6747967479674797, "source_pairs": 492, "same_query_pair_acc": 0.6265005679899297, "same_query_support": 47, "raw_r1_iou_05": 0.3425238600212089, "raw_r1_iou_07": 0.17709437963944857, "threshold_logit": 5.529365539550781, "gated_r1_iou_05": 0.20042417815482502, "score_distribution": {"0": {"mean": 1.0127336475264839, "std": 5.172872891166924, "quantiles": [-8.00962290763855, 1.3160368204116821, 6.843648099899292]}, "1": {"mean": 6.248173494717602, "std": 4.3141533223655095, "quantiles": [0.6193150043487549, 6.740152359008789, 11.800402069091797]}}}, "losses": {"gmr": 1.4218437201527476, "gmr_loss_span": 0.030862019670487448, "gmr_loss_giou": 0.2209701984894312, "gmr_loss_label": 0.021901511309787312, "gmr_class_error": 2.1588025774274553, "gmr_loss_saliency": 0.0, "gmr_loss_exist": 0.17494457330459892, "gmr_loss_span_0": 0.03136039035264573, "gmr_loss_giou_0": 0.22419857130722798, "gmr_loss_label_0": 0.02297505713492564, "gmr_class_error_0": 2.0153537274856337, "gmr_loss_exist_0": 0.0, "coarse": 1.6798237341153224, "fine": 0.7945135979485729, "rotated_bce": 5.242754653956752, "exist_pair": 1.547032552298532, "total": 3.896181057651717}, "chains": 2631, "seconds": 65.3735511302948, "selected": false, "exposure_sha256": "1eeaea4292346cfd8f0957899570586d13bb6e17a84d065a486ca8cff374e7da"}
{"fold": "C1", "arm": "S1_saliency_only", "epoch": 36, "step": 100, "loss": 4.663460731506348}
{"fold": "C1", "arm": "S1_saliency_only", "epoch": 36, "step": 200, "loss": 3.7629361152648926}
{"fold": "C1", "arm": "S1_saliency_only", "epoch": 36, "step": 300, "loss": 3.8527050018310547}
{"fold": "C1", "arm": "S1_saliency_only", "epoch": 36, "step": 400, "loss": 2.616792917251587}
{"fold": "C1", "arm": "S1_saliency_only", "epoch": 36, "step": 500, "loss": 5.869091033935547}
{"fold": "C1", "arm": "S1_saliency_only", "epoch": 36, "step": 600, "loss": 3.08158802986145}
{"fold": "C1", "arm": "S1_saliency_only", "epoch": 36, "seen": {"pooled_auroc": 0.7833414049648885, "rows": 1451, "videos": 462, "source_pair_acc": 0.693089430894309, "source_pairs": 492, "same_query_pair_acc": 0.6184305056645482, "same_query_support": 47, "raw_r1_iou_05": 0.34994697773064687, "raw_r1_iou_07": 0.1855779427359491, "threshold_logit": 4.678417205810547, "gated_r1_iou_05": 0.19830328738069988, "score_distribution": {"0": {"mean": 0.5287992593384986, "std": 4.893654380202648, "quantiles": [-8.058403873443604, 0.7110089361667633, 6.017009925842286]}, "1": {"mean": 5.704146759108514, "std": 4.371400063183626, "quantiles": [0.2953094720840455, 5.869187355041504, 11.608927345275879]}}}, "losses": {"gmr": 1.4174395201778702, "gmr_loss_span": 0.030869256147384463, "gmr_loss_giou": 0.22085997308278882, "gmr_loss_label": 0.021686992459395465, "gmr_class_error": 2.0609208312802765, "gmr_loss_saliency": 0.0, "gmr_loss_exist": 0.17357283986264155, "gmr_loss_span_0": 0.03128828117086079, "gmr_loss_giou_0": 0.2241278037451502, "gmr_loss_label_0": 0.022638889241929656, "gmr_class_error_0": 2.099607461853955, "gmr_loss_exist_0": 0.0, "coarse": 1.6475066800338518, "fine": 0.7957495615837422, "rotated_bce": 5.258391265448828, "exist_pair": 1.5697299394428186, "total": 3.860695756677436}, "chains": 2631, "seconds": 65.79208636283875, "selected": false, "exposure_sha256": "e698af07ddd83b01571f7c57ef2faff97e2a2aa15b129ffef2ed884eb8deface"}
{"fold": "C1", "arm": "S1_saliency_only", "epoch": 37, "step": 100, "loss": 3.9443516731262207}
{"fold": "C1", "arm": "S1_saliency_only", "epoch": 37, "step": 200, "loss": 2.9462854862213135}
{"fold": "C1", "arm": "S1_saliency_only", "epoch": 37, "step": 300, "loss": 3.1831703186035156}
{"fold": "C1", "arm": "S1_saliency_only", "epoch": 37, "step": 400, "loss": 3.645094156265259}
{"fold": "C1", "arm": "S1_saliency_only", "epoch": 37, "step": 500, "loss": 3.6887121200561523}
{"fold": "C1", "arm": "S1_saliency_only", "epoch": 37, "step": 600, "loss": 2.820551872253418}
{"fold": "C1", "arm": "S1_saliency_only", "epoch": 37, "seen": {"pooled_auroc": 0.7861908300698892, "rows": 1451, "videos": 462, "source_pair_acc": 0.6829268292682927, "source_pairs": 492, "same_query_pair_acc": 0.6154727364833747, "same_query_support": 47, "raw_r1_iou_05": 0.3531283138918346, "raw_r1_iou_07": 0.18027571580063625, "threshold_logit": 4.820098400115967, "gated_r1_iou_05": 0.20890774125132555, "score_distribution": {"0": {"mean": 0.5480764347502566, "std": 5.1536842227768265, "quantiles": [-8.616699600219727, 1.042411983013153, 6.186210823059082]}, "1": {"mean": 5.97398464205504, "std": 4.410711850090094, "quantiles": [0.4525332629680634, 6.376136302947998, 11.734003829956055]}}}, "losses": {"gmr": 1.4184640468435084, "gmr_loss_span": 0.0309414252904909, "gmr_loss_giou": 0.22110002204821103, "gmr_loss_label": 0.021682295826543973, "gmr_class_error": 2.1040345049918967, "gmr_loss_saliency": 0.0, "gmr_loss_exist": 0.1739193561251946, "gmr_loss_span_0": 0.03136899408609762, "gmr_loss_giou_0": 0.22394195956526194, "gmr_loss_label_0": 0.02241733327039481, "gmr_class_error_0": 2.0753334764289275, "gmr_loss_exist_0": 0.0, "coarse": 1.6285380779066347, "fine": 0.7919063231140647, "rotated_bce": 5.3284607093022585, "exist_pair": 1.6177411456691457, "total": 3.83890843898692}, "chains": 2632, "seconds": 65.52263855934143, "selected": false, "exposure_sha256": "691593551afb102ee01e090f1cbb8a2bada59b41d725c20ceaa4235de0cd2063"}
{"fold": "C1", "arm": "S1_saliency_only", "epoch": 38, "step": 100, "loss": 3.627422332763672}
{"fold": "C1", "arm": "S1_saliency_only", "epoch": 38, "step": 200, "loss": 3.6323580741882324}
{"fold": "C1", "arm": "S1_saliency_only", "epoch": 38, "step": 300, "loss": 3.6655311584472656}
{"fold": "C1", "arm": "S1_saliency_only", "epoch": 38, "step": 400, "loss": 3.184041976928711}
{"fold": "C1", "arm": "S1_saliency_only", "epoch": 38, "step": 500, "loss": 3.5961642265319824}
{"fold": "C1", "arm": "S1_saliency_only", "epoch": 38, "step": 600, "loss": 3.5740771293640137}
{"fold": "C1", "arm": "S1_saliency_only", "epoch": 38, "seen": {"pooled_auroc": 0.7857357570494568, "rows": 1451, "videos": 462, "source_pair_acc": 0.6788617886178862, "source_pairs": 492, "same_query_pair_acc": 0.6377379417273035, "same_query_support": 47, "raw_r1_iou_05": 0.3531283138918346, "raw_r1_iou_07": 0.18345705196182396, "threshold_logit": 5.1500725746154785, "gated_r1_iou_05": 0.20996818663838812, "score_distribution": {"0": {"mean": 0.911795419904836, "std": 5.110192226133287, "quantiles": [-8.010539865493774, 1.1098523139953613, 6.78024263381958]}, "1": {"mean": 6.284222266477783, "std": 4.346283710916415, "quantiles": [0.4858706533908844, 6.644164085388184, 11.881725502014161]}}}, "losses": {"gmr": 1.4114540206625106, "gmr_loss_span": 0.03072846942867144, "gmr_loss_giou": 0.21993362534462862, "gmr_loss_label": 0.021660357089515064, "gmr_class_error": 2.2054825408842786, "gmr_loss_saliency": 0.0, "gmr_loss_exist": 0.1718148950991252, "gmr_loss_span_0": 0.031081777500515197, "gmr_loss_giou_0": 0.222398103755477, "gmr_loss_label_0": 0.023140875655183947, "gmr_class_error_0": 2.2080976028210486, "gmr_loss_exist_0": 0.0, "coarse": 1.6265126099883604, "fine": 0.7963007945782508, "rotated_bce": 5.3767377456995495, "exist_pair": 1.6075748480335557, "total": 3.834267423508015}, "chains": 2631, "seconds": 65.1475944519043, "selected": false, "exposure_sha256": "fdc93047dcf24f6334917a74b0e3c93458bb403da95f995bb394102bd607b5b4"}
{"fold": "C1", "arm": "S1_saliency_only", "epoch": 39, "step": 100, "loss": 3.042579412460327}
{"fold": "C1", "arm": "S1_saliency_only", "epoch": 39, "step": 200, "loss": 3.528721809387207}
{"fold": "C1", "arm": "S1_saliency_only", "epoch": 39, "step": 300, "loss": 3.6406407356262207}
{"fold": "C1", "arm": "S1_saliency_only", "epoch": 39, "step": 400, "loss": 5.0362467765808105}
{"fold": "C1", "arm": "S1_saliency_only", "epoch": 39, "step": 500, "loss": 3.9128308296203613}
{"fold": "C1", "arm": "S1_saliency_only", "epoch": 39, "step": 600, "loss": 2.8888888359069824}
{"fold": "C1", "arm": "S1_saliency_only", "epoch": 39, "seen": {"pooled_auroc": 0.7848193485358339, "rows": 1451, "videos": 462, "source_pair_acc": 0.6849593495934959, "source_pairs": 492, "same_query_pair_acc": 0.5986851800681589, "same_query_support": 47, "raw_r1_iou_05": 0.3679745493107105, "raw_r1_iou_07": 0.1792152704135737, "threshold_logit": 4.779008388519287, "gated_r1_iou_05": 0.2142099681866384, "score_distribution": {"0": {"mean": 0.5840505444936044, "std": 5.0970164449307385, "quantiles": [-8.328407573699952, 0.9054313898086548, 6.333576011657718]}, "1": {"mean": 5.986717426230931, "std": 4.435303822114001, "quantiles": [0.32804381251335146, 6.189195156097412, 11.758575439453129]}}}, "losses": {"gmr": 1.4099534205571496, "gmr_loss_span": 0.030821476553462016, "gmr_loss_giou": 0.21994562537655643, "gmr_loss_label": 0.021603009628137645, "gmr_class_error": 2.11410079538641, "gmr_loss_saliency": 0.0, "gmr_loss_exist": 0.17083877685131635, "gmr_loss_span_0": 0.031135161151107413, "gmr_loss_giou_0": 0.22188207263687462, "gmr_loss_label_0": 0.022827132681446958, "gmr_class_error_0": 2.2866736994688273, "gmr_loss_exist_0": 0.0, "coarse": 1.6167145694823974, "fine": 0.7903584345133471, "rotated_bce": 5.354810863642707, "exist_pair": 1.5987167370627353, "total": 3.8170264220165264}, "chains": 2632, "seconds": 65.47212171554565, "selected": false, "exposure_sha256": "d7f508e840ae2fd695014d6d4eb6e67481d69915df0916c4af7a103aff50b6cc"}
{"fold": "C1", "arm": "S1_saliency_only", "epoch": 40, "step": 100, "loss": 3.660350799560547}
{"fold": "C1", "arm": "S1_saliency_only", "epoch": 40, "step": 200, "loss": 3.302338123321533}
{"fold": "C1", "arm": "S1_saliency_only", "epoch": 40, "step": 300, "loss": 3.9727108478546143}
{"fold": "C1", "arm": "S1_saliency_only", "epoch": 40, "step": 400, "loss": 3.579617738723755}
{"fold": "C1", "arm": "S1_saliency_only", "epoch": 40, "step": 500, "loss": 4.368677616119385}
{"fold": "C1", "arm": "S1_saliency_only", "epoch": 40, "step": 600, "loss": 4.2788848876953125}
{"fold": "C1", "arm": "S1_saliency_only", "epoch": 40, "seen": {"pooled_auroc": 0.7853934085386729, "rows": 1451, "videos": 462, "source_pair_acc": 0.6910569105691057, "source_pairs": 492, "same_query_pair_acc": 0.6040446255871789, "same_query_support": 47, "raw_r1_iou_05": 0.352067868504772, "raw_r1_iou_07": 0.17709437963944857, "threshold_logit": 5.066108226776123, "gated_r1_iou_05": 0.20572640509013787, "score_distribution": {"0": {"mean": 0.6663096000506418, "std": 5.101906411980047, "quantiles": [-8.351148986816407, 1.0099592804908752, 6.542779159545899]}, "1": {"mean": 6.10176963769176, "std": 4.45141463000058, "quantiles": [0.3962932229042053, 6.3404645919799805, 11.898248481750489]}}}, "losses": {"gmr": 1.4105541838338673, "gmr_loss_span": 0.030719491753636613, "gmr_loss_giou": 0.22059188284953676, "gmr_loss_label": 0.021733059002918765, "gmr_class_error": 2.274751692195069, "gmr_loss_saliency": 0.0, "gmr_loss_exist": 0.17128484756409793, "gmr_loss_span_0": 0.031035785220767227, "gmr_loss_giou_0": 0.22290158046460443, "gmr_loss_label_0": 0.022822717615151297, "gmr_class_error_0": 2.291200574045848, "gmr_loss_exist_0": 0.0, "coarse": 1.613789661314712, "fine": 0.7926266148097609, "rotated_bce": 5.368947917929536, "exist_pair": 1.6051596907451522, "total": 3.8169704646687377}, "chains": 2632, "seconds": 66.34303021430969, "selected": false, "exposure_sha256": "8d14cceeecf14101ae262ecdd4f743d43dd02b8014e6ad799fc9e9fae5a0c52c"}
{"fold": "C1", "arm": "S1_saliency_only", "epoch": 41, "step": 100, "loss": 3.935539484024048}
{"fold": "C1", "arm": "S1_saliency_only", "epoch": 41, "step": 200, "loss": 3.6921143531799316}
{"fold": "C1", "arm": "S1_saliency_only", "epoch": 41, "step": 300, "loss": 3.2834887504577637}
{"fold": "C1", "arm": "S1_saliency_only", "epoch": 41, "step": 400, "loss": 4.9327850341796875}
{"fold": "C1", "arm": "S1_saliency_only", "epoch": 41, "step": 500, "loss": 4.421319007873535}
{"fold": "C1", "arm": "S1_saliency_only", "epoch": 41, "step": 600, "loss": 4.559764385223389}
{"fold": "C1", "arm": "S1_saliency_only", "epoch": 41, "seen": {"pooled_auroc": 0.7822538221958735, "rows": 1451, "videos": 462, "source_pair_acc": 0.6849593495934959, "source_pairs": 492, "same_query_pair_acc": 0.5862657732338584, "same_query_support": 47, "raw_r1_iou_05": 0.34994697773064687, "raw_r1_iou_07": 0.18875927889713678, "threshold_logit": 4.585114002227783, "gated_r1_iou_05": 0.2258748674443266, "score_distribution": {"0": {"mean": 0.8350975704122716, "std": 5.022971693449365, "quantiles": [-7.9626068592071535, 1.1199342608451843, 6.410791730880739]}, "1": {"mean": 6.042397348484773, "std": 4.276413014547012, "quantiles": [0.5588491916656494, 6.306052207946777, 11.547799682617189]}}}, "losses": {"gmr": 1.4056647482432856, "gmr_loss_span": 0.030609470685960944, "gmr_loss_giou": 0.21987491088571157, "gmr_loss_label": 0.021506058494489652, "gmr_class_error": 2.2796023754363364, "gmr_loss_saliency": 0.0, "gmr_loss_exist": 0.17082862665036008, "gmr_loss_span_0": 0.03096286879461768, "gmr_loss_giou_0": 0.22264571833257255, "gmr_loss_label_0": 0.02264196604722403, "gmr_class_error_0": 2.2601150582264258, "gmr_loss_exist_0": 0.0, "coarse": 1.5594677138382902, "fine": 0.7919201351770152, "rotated_bce": 5.364203060108116, "exist_pair": 1.589847969768801, "total": 3.75705259585453}, "chains": 2631, "seconds": 64.7115330696106, "selected": false, "exposure_sha256": "d8539d6a69c8cec777eea49923182d6892c1f3b3b9c48fcb39f4c6a1eff427e1"}
{"fold": "C1", "arm": "S1_saliency_only", "epoch": 42, "step": 100, "loss": 3.40714168548584}
{"fold": "C1", "arm": "S1_saliency_only", "epoch": 42, "step": 200, "loss": 4.731226444244385}
{"fold": "C1", "arm": "S1_saliency_only", "epoch": 42, "step": 300, "loss": 4.278323173522949}
{"fold": "C1", "arm": "S1_saliency_only", "epoch": 42, "step": 400, "loss": 3.532963514328003}
{"fold": "C1", "arm": "S1_saliency_only", "epoch": 42, "step": 500, "loss": 3.2371606826782227}
{"fold": "C1", "arm": "S1_saliency_only", "epoch": 42, "step": 600, "loss": 3.974703073501587}
{"fold": "C1", "arm": "S1_saliency_only", "epoch": 42, "seen": {"pooled_auroc": 0.7815085879376426, "rows": 1451, "videos": 462, "source_pair_acc": 0.6869918699186992, "source_pairs": 492, "same_query_pair_acc": 0.588482085290596, "same_query_support": 47, "raw_r1_iou_05": 0.35418875927889715, "raw_r1_iou_07": 0.19406150583244963, "threshold_logit": 5.370802402496338, "gated_r1_iou_05": 0.21314952279957583, "score_distribution": {"0": {"mean": 0.8815400778484626, "std": 5.232090931473221, "quantiles": [-8.300305366516113, 1.2114790678024292, 6.902810668945313]}, "1": {"mean": 6.2383353112152875, "std": 4.355015003864449, "quantiles": [0.5477487444877625, 6.6340203285217285, 11.903762817382812]}}}, "losses": {"gmr": 1.399720329372354, "gmr_loss_span": 0.030404761429355227, "gmr_loss_giou": 0.21836785103638845, "gmr_loss_label": 0.0213524863961801, "gmr_class_error": 2.1517001908600872, "gmr_loss_saliency": 0.0, "gmr_loss_exist": 0.17079682197311388, "gmr_loss_span_0": 0.030916929956933195, "gmr_loss_giou_0": 0.2218978386542174, "gmr_loss_label_0": 0.022507739754388037, "gmr_class_error_0": 2.1344352652599023, "gmr_loss_exist_0": 0.0, "coarse": 1.5527971884218754, "fine": 0.7854444771823912, "rotated_bce": 5.282238450456173, "exist_pair": 1.5683998238623686, "total": 3.7379620042615387}, "chains": 2632, "seconds": 64.83940553665161, "selected": false, "exposure_sha256": "6f58da1903544f5210ccb66c702930b971516c05cf77082bc8b7417dc9c4dbdd"}
{"fold": "C1", "arm": "S1_saliency_only", "epoch": 43, "step": 100, "loss": 3.3839240074157715}
{"fold": "C1", "arm": "S1_saliency_only", "epoch": 43, "step": 200, "loss": 3.766057014465332}
{"fold": "C1", "arm": "S1_saliency_only", "epoch": 43, "step": 300, "loss": 3.658475875854492}
{"fold": "C1", "arm": "S1_saliency_only", "epoch": 43, "step": 400, "loss": 4.4578399658203125}
{"fold": "C1", "arm": "S1_saliency_only", "epoch": 43, "step": 500, "loss": 2.454375743865967}
{"fold": "C1", "arm": "S1_saliency_only", "epoch": 43, "step": 600, "loss": 2.1792330741882324}
{"fold": "C1", "arm": "S1_saliency_only", "epoch": 43, "seen": {"pooled_auroc": 0.782790307362163, "rows": 1451, "videos": 462, "source_pair_acc": 0.6869918699186992, "source_pairs": 492, "same_query_pair_acc": 0.5817042000552639, "same_query_support": 47, "raw_r1_iou_05": 0.3552492046659597, "raw_r1_iou_07": 0.18133616118769882, "threshold_logit": 4.989459037780762, "gated_r1_iou_05": 0.21208907741251326, "score_distribution": {"0": {"mean": 0.6866603738327665, "std": 5.148986784956551, "quantiles": [-8.442566299438477, 1.1533302068710327, 6.369170713424683]}, "1": {"mean": 6.005766932983919, "std": 4.314443941859149, "quantiles": [0.4925161957740784, 6.28532600402832, 11.609910583496097]}}}, "losses": {"gmr": 1.4129844615887002, "gmr_loss_span": 0.03054518363435716, "gmr_loss_giou": 0.21889959015291874, "gmr_loss_label": 0.021999492907987223, "gmr_class_error": 2.3834213558301376, "gmr_loss_saliency": 0.0, "gmr_loss_exist": 0.1755308631063074, "gmr_loss_span_0": 0.031081122289607046, "gmr_loss_giou_0": 0.2228265724804445, "gmr_loss_label_0": 0.02286660216754376, "gmr_class_error_0": 2.44683968912142, "gmr_loss_exist_0": 0.0, "coarse": 1.5590054168617835, "fine": 0.7906377776143761, "rotated_bce": 5.265715617720479, "exist_pair": 1.592463165113991, "total": 3.7626276563366132}, "chains": 2632, "seconds": 65.07388520240784, "selected": false, "exposure_sha256": "aad2567fd60946e1c40bad39c8f2a893f1b6f3936f66fde922bc4d7df9161d6d"}
{"fold": "C1", "arm": "S1_saliency_only", "epoch": 44, "step": 100, "loss": 2.8736672401428223}
{"fold": "C1", "arm": "S1_saliency_only", "epoch": 44, "step": 200, "loss": 4.402322292327881}
{"fold": "C1", "arm": "S1_saliency_only", "epoch": 44, "step": 300, "loss": 3.0267672538757324}
{"fold": "C1", "arm": "S1_saliency_only", "epoch": 44, "step": 400, "loss": 3.533762216567993}
{"fold": "C1", "arm": "S1_saliency_only", "epoch": 44, "step": 500, "loss": 4.306070327758789}
{"fold": "C1", "arm": "S1_saliency_only", "epoch": 44, "step": 600, "loss": 3.2073566913604736}
{"fold": "C1", "arm": "S1_saliency_only", "epoch": 44, "seen": {"pooled_auroc": 0.7821369227043862, "rows": 1451, "videos": 462, "source_pair_acc": 0.6849593495934959, "source_pairs": 492, "same_query_pair_acc": 0.6083483006355348, "same_query_support": 47, "raw_r1_iou_05": 0.3488865323435843, "raw_r1_iou_07": 0.18875927889713678, "threshold_logit": 5.216822147369385, "gated_r1_iou_05": 0.20042417815482502, "score_distribution": {"0": {"mean": 0.5235175643130903, "std": 5.0742353577589725, "quantiles": [-8.289592552185058, 0.8512499928474426, 6.2176736354827895]}, "1": {"mean": 5.848827650744867, "std": 4.423988468492719, "quantiles": [0.3043645739555359, 6.105742931365967, 11.589245796203613]}}}, "losses": {"gmr": 1.399011215812167, "gmr_loss_span": 0.030611862459624793, "gmr_loss_giou": 0.2194779218941655, "gmr_loss_label": 0.02116113113052577, "gmr_class_error": 2.097947801862444, "gmr_loss_saliency": 0.0, "gmr_loss_exist": 0.16760679718236493, "gmr_loss_span_0": 0.031010810063591392, "gmr_loss_giou_0": 0.22212011587882477, "gmr_loss_label_0": 0.02223378351725366, "gmr_class_error_0": 2.118672182494746, "gmr_loss_exist_0": 0.0, "coarse": 1.5542320345491625, "fine": 0.781394743946548, "rotated_bce": 5.3468454960269405, "exist_pair": 1.5803333303486322, "total": 3.7346379923603092}, "chains": 2632, "seconds": 65.61174988746643, "selected": false, "exposure_sha256": "913629c0545487eec0a7edceb2a0f04c844dca9f064e26767c5534d35e85b0d2"}
{"fold": "C1", "arm": "S1_saliency_only", "epoch": 45, "step": 100, "loss": 3.072624921798706}
{"fold": "C1", "arm": "S1_saliency_only", "epoch": 45, "step": 200, "loss": 3.113670587539673}
{"fold": "C1", "arm": "S1_saliency_only", "epoch": 45, "step": 300, "loss": 3.9685564041137695}
{"fold": "C1", "arm": "S1_saliency_only", "epoch": 45, "step": 400, "loss": 3.164478302001953}
{"fold": "C1", "arm": "S1_saliency_only", "epoch": 45, "step": 500, "loss": 3.712064027786255}
{"fold": "C1", "arm": "S1_saliency_only", "epoch": 45, "step": 600, "loss": 3.2085659503936768}
{"fold": "C1", "arm": "S1_saliency_only", "epoch": 45, "seen": {"pooled_auroc": 0.7821494476499027, "rows": 1451, "videos": 462, "source_pair_acc": 0.6869918699186992, "source_pairs": 492, "same_query_pair_acc": 0.6446796997328912, "same_query_support": 47, "raw_r1_iou_05": 0.352067868504772, "raw_r1_iou_07": 0.1855779427359491, "threshold_logit": 5.7571024894714355, "gated_r1_iou_05": 0.20254506892895016, "score_distribution": {"0": {"mean": 0.9353015988287846, "std": 5.131269082123722, "quantiles": [-7.84716305732727, 1.1879344582557678, 6.488432788848879]}, "1": {"mean": 6.284259784354385, "std": 4.404164127971962, "quantiles": [0.5925652146339416, 6.690906524658203, 11.951097106933593]}}}, "losses": {"gmr": 1.4042142408597071, "gmr_loss_span": 0.030630755965742298, "gmr_loss_giou": 0.21850627853243546, "gmr_loss_label": 0.021312742452292865, "gmr_class_error": 2.1733160859545677, "gmr_loss_saliency": 0.0, "gmr_loss_exist": 0.17111148057777242, "gmr_loss_span_0": 0.03118276129134203, "gmr_loss_giou_0": 0.22233075639487762, "gmr_loss_label_0": 0.022219895892620856, "gmr_class_error_0": 2.122337457256839, "gmr_loss_exist_0": 0.0, "coarse": 1.528012516831917, "fine": 0.7777899059390587, "rotated_bce": 5.326329101545108, "exist_pair": 1.5904037156637678, "total": 3.7100166669370194}, "chains": 2632, "seconds": 65.22594451904297, "selected": false, "exposure_sha256": "2c309c66a1659cae3f6472b9264ec9dcec197f95077c66cfac32b94ae68a3ea4"}
{"fold": "C1", "arm": "S1_saliency_only", "epoch": 46, "step": 100, "loss": 2.736144542694092}
{"fold": "C1", "arm": "S1_saliency_only", "epoch": 46, "step": 200, "loss": 3.9418020248413086}
{"fold": "C1", "arm": "S1_saliency_only", "epoch": 46, "step": 300, "loss": 3.688033103942871}
{"fold": "C1", "arm": "S1_saliency_only", "epoch": 46, "step": 400, "loss": 3.286806106567383}
{"fold": "C1", "arm": "S1_saliency_only", "epoch": 46, "step": 500, "loss": 3.307079315185547}
{"fold": "C1", "arm": "S1_saliency_only", "epoch": 46, "step": 600, "loss": 3.484161853790283}
{"fold": "C1", "arm": "S1_saliency_only", "epoch": 46, "seen": {"pooled_auroc": 0.7868964020006514, "rows": 1451, "videos": 462, "source_pair_acc": 0.6849593495934959, "source_pairs": 492, "same_query_pair_acc": 0.5798789567406589, "same_query_support": 47, "raw_r1_iou_05": 0.3531283138918346, "raw_r1_iou_07": 0.18981972428419935, "threshold_logit": 5.534811973571777, "gated_r1_iou_05": 0.19936373276776245, "score_distribution": {"0": {"mean": 0.6636486482681838, "std": 5.096274802960332, "quantiles": [-8.283690261840821, 1.0262380838394165, 6.232698726654054]}, "1": {"mean": 6.135755921144153, "std": 4.4548904110794645, "quantiles": [0.48158947229385385, 6.449532508850098, 11.90543441772461]}}}, "losses": {"gmr": 1.4037125957591918, "gmr_loss_span": 0.030684436677097367, "gmr_loss_giou": 0.2196586570592093, "gmr_loss_label": 0.021093813240341278, "gmr_class_error": 2.079640826193395, "gmr_loss_saliency": 0.0, "gmr_loss_exist": 0.16871394865543193, "gmr_loss_span_0": 0.031167544067857114, "gmr_loss_giou_0": 0.22319870379875134, "gmr_loss_label_0": 0.022311557031245082, "gmr_class_error_0": 1.9770888470588845, "gmr_loss_exist_0": 0.0, "coarse": 1.509669334103996, "fine": 0.7730654025150288, "rotated_bce": 5.349934570332791, "exist_pair": 1.601933472741701, "total": 3.6864473221874525}, "chains": 2631, "seconds": 65.29990792274475, "selected": false, "exposure_sha256": "4ca301a3b52a21db73bb52cf50909371b85cca7af9cb989aad2aa93a2d8edeae"}
{"fold": "C1", "arm": "S1_saliency_only", "epoch": 47, "step": 100, "loss": 3.938589096069336}
{"fold": "C1", "arm": "S1_saliency_only", "epoch": 47, "step": 200, "loss": 4.502341270446777}
{"fold": "C1", "arm": "S1_saliency_only", "epoch": 47, "step": 300, "loss": 3.0660476684570312}
{"fold": "C1", "arm": "S1_saliency_only", "epoch": 47, "step": 400, "loss": 4.319050312042236}
{"fold": "C1", "arm": "S1_saliency_only", "epoch": 47, "step": 500, "loss": 4.229396820068359}
{"fold": "C1", "arm": "S1_saliency_only", "epoch": 47, "step": 600, "loss": 3.6911962032318115}
{"fold": "C1", "arm": "S1_saliency_only", "epoch": 47, "seen": {"pooled_auroc": 0.7822475597231153, "rows": 1451, "videos": 462, "source_pair_acc": 0.6829268292682927, "source_pairs": 492, "same_query_pair_acc": 0.5885400356145037, "same_query_support": 47, "raw_r1_iou_05": 0.3711558854718982, "raw_r1_iou_07": 0.18345705196182396, "threshold_logit": 5.125258445739746, "gated_r1_iou_05": 0.21208907741251326, "score_distribution": {"0": {"mean": 0.6908969257437573, "std": 5.069114040899461, "quantiles": [-8.231090641021728, 1.0062492489814758, 6.227577733993531]}, "1": {"mean": 6.006839974545345, "std": 4.402849586487388, "quantiles": [0.47439192533493046, 6.236184120178223, 11.733556175231934]}}}, "losses": {"gmr": 1.3900279060323188, "gmr_loss_span": 0.030359916209234745, "gmr_loss_giou": 0.2177735145195277, "gmr_loss_label": 0.020724177429180785, "gmr_class_error": 2.1117052582621936, "gmr_loss_saliency": 0.0, "gmr_loss_exist": 0.16833406515530236, "gmr_loss_span_0": 0.030896890362141525, "gmr_loss_giou_0": 0.22092430275443115, "gmr_loss_label_0": 0.021882812159226522, "gmr_class_error_0": 2.0853935056182027, "gmr_loss_exist_0": 0.0, "coarse": 1.493498660420212, "fine": 0.7862317252304054, "rotated_bce": 5.46486905679152, "exist_pair": 1.611600768851473, "total": 3.669758297389764}, "chains": 2632, "seconds": 65.72546982765198, "selected": false, "exposure_sha256": "7a6d762c7fe82abf700dc699cbd7733c225bf7e76b6a1f0bf37fd47df42effa2"}
{"fold": "C1", "arm": "S1_saliency_only", "epoch": 48, "step": 100, "loss": 4.74255895614624}
{"fold": "C1", "arm": "S1_saliency_only", "epoch": 48, "step": 200, "loss": 3.551508903503418}
{"fold": "C1", "arm": "S1_saliency_only", "epoch": 48, "step": 300, "loss": 3.399791717529297}
{"fold": "C1", "arm": "S1_saliency_only", "epoch": 48, "step": 400, "loss": 4.26762580871582}
{"fold": "C1", "arm": "S1_saliency_only", "epoch": 48, "step": 500, "loss": 4.266957759857178}
{"fold": "C1", "arm": "S1_saliency_only", "epoch": 48, "step": 600, "loss": 3.0964465141296387}
{"fold": "C1", "arm": "S1_saliency_only", "epoch": 48, "seen": {"pooled_auroc": 0.7816046125199356, "rows": 1451, "videos": 462, "source_pair_acc": 0.676829268292683, "source_pairs": 492, "same_query_pair_acc": 0.598369715390992, "same_query_support": 47, "raw_r1_iou_05": 0.35949098621421, "raw_r1_iou_07": 0.19088016967126192, "threshold_logit": 5.020544528961182, "gated_r1_iou_05": 0.2014846235418876, "score_distribution": {"0": {"mean": 0.5237154469011337, "std": 4.922089426256532, "quantiles": [-8.07971019744873, 0.9162413775920868, 5.76371397972107]}, "1": {"mean": 5.672180371641449, "std": 4.303117769055399, "quantiles": [0.4016553819179535, 5.897410869598389, 11.346857261657718]}}}, "losses": {"gmr": 1.3991577911521889, "gmr_loss_span": 0.030427526691107584, "gmr_loss_giou": 0.21848482545748307, "gmr_loss_label": 0.021094538037181126, "gmr_class_error": 2.2582453811784644, "gmr_loss_saliency": 0.0, "gmr_loss_exist": 0.17229575925014098, "gmr_loss_span_0": 0.030952991365729675, "gmr_loss_giou_0": 0.22220171767210525, "gmr_loss_label_0": 0.021998039380248104, "gmr_class_error_0": 2.215696468179349, "gmr_loss_exist_0": 0.0, "coarse": 1.4850894952798688, "fine": 0.7797142433902775, "rotated_bce": 5.322058176921856, "exist_pair": 1.610029242853535, "total": 3.663961531362273}, "chains": 2631, "seconds": 58.232566833496094, "selected": false, "exposure_sha256": "a9909d7bb55b38d9d3d4a2b3794b6cb27d978ab046d21dba930614fcbc368f8f"}
{"fold": "C1", "arm": "S1_saliency_only", "epoch": 49, "step": 100, "loss": 3.9247238636016846}
{"fold": "C1", "arm": "S1_saliency_only", "epoch": 49, "step": 200, "loss": 3.5300917625427246}
{"fold": "C1", "arm": "S1_saliency_only", "epoch": 49, "step": 300, "loss": 3.00508975982666}
{"fold": "C1", "arm": "S1_saliency_only", "epoch": 49, "step": 400, "loss": 3.182657480239868}
{"fold": "C1", "arm": "S1_saliency_only", "epoch": 49, "step": 500, "loss": 4.840964317321777}
{"fold": "C1", "arm": "S1_saliency_only", "epoch": 49, "step": 600, "loss": 3.8532819747924805}
{"fold": "C1", "arm": "S1_saliency_only", "epoch": 49, "seen": {"pooled_auroc": 0.7822308597957599, "rows": 1451, "videos": 462, "source_pair_acc": 0.676829268292683, "source_pairs": 492, "same_query_pair_acc": 0.581536489515213, "same_query_support": 47, "raw_r1_iou_05": 0.34782608695652173, "raw_r1_iou_07": 0.1792152704135737, "threshold_logit": 5.4016594886779785, "gated_r1_iou_05": 0.21527041357370094, "score_distribution": {"0": {"mean": 0.8312090141405388, "std": 5.254843595160641, "quantiles": [-8.2653733253479, 1.1835319995880127, 6.537478256225586]}, "1": {"mean": 6.302419499352906, "std": 4.486661840145474, "quantiles": [0.552582061290741, 6.717611789703369, 12.079327392578127]}}}, "losses": {"gmr": 1.3887890209542944, "gmr_loss_span": 0.030362345656170582, "gmr_loss_giou": 0.21755332643545508, "gmr_loss_label": 0.020683737911884093, "gmr_class_error": 2.295483737006376, "gmr_loss_saliency": 0.0, "gmr_loss_exist": 0.16818238094683996, "gmr_loss_span_0": 0.03088697829881066, "gmr_loss_giou_0": 0.22051296900606807, "gmr_loss_label_0": 0.02182803982246022, "gmr_class_error_0": 2.266150755722834, "gmr_loss_exist_0": 0.0, "coarse": 1.4862719144683478, "fine": 0.7724173174078341, "rotated_bce": 5.288728434626455, "exist_pair": 1.5696577659063606, "total": 3.647478251471708}, "chains": 2631, "seconds": 48.99495244026184, "selected": false, "exposure_sha256": "eb7a60c4200738e4296f0a8521ac56585bf3b431b5f898b68c08cb6e4bbcf758"}
{"fold": "C1", "arm": "S1_saliency_only", "epoch": 50, "step": 100, "loss": 3.664045810699463}
{"fold": "C1", "arm": "S1_saliency_only", "epoch": 50, "step": 200, "loss": 3.6042017936706543}
{"fold": "C1", "arm": "S1_saliency_only", "epoch": 50, "step": 300, "loss": 3.3264055252075195}
{"fold": "C1", "arm": "S1_saliency_only", "epoch": 50, "step": 400, "loss": 4.60939884185791}
{"fold": "C1", "arm": "S1_saliency_only", "epoch": 50, "step": 500, "loss": 2.7654271125793457}
{"fold": "C1", "arm": "S1_saliency_only", "epoch": 50, "step": 600, "loss": 2.8745317459106445}
{"fold": "C1", "arm": "S1_saliency_only", "epoch": 50, "seen": {"pooled_auroc": 0.7852994714472992, "rows": 1451, "videos": 462, "source_pair_acc": 0.6747967479674797, "source_pairs": 492, "same_query_pair_acc": 0.5757591108654939, "same_query_support": 47, "raw_r1_iou_05": 0.35100742311770944, "raw_r1_iou_07": 0.17815482502651114, "threshold_logit": 5.7437639236450195, "gated_r1_iou_05": 0.20254506892895016, "score_distribution": {"0": {"mean": 0.6797168537695694, "std": 5.183386085771801, "quantiles": [-8.00369439125061, 0.9481309056282043, 6.566651248931885]}, "1": {"mean": 6.197663642236941, "std": 4.530873427789813, "quantiles": [0.3659355401992798, 6.53159761428833, 12.07744693756104]}}}, "losses": {"gmr": 1.3884589167532588, "gmr_loss_span": 0.030329119438152637, "gmr_loss_giou": 0.2178559057006901, "gmr_loss_label": 0.02058721806692656, "gmr_class_error": 2.3149559461599427, "gmr_loss_saliency": 0.0, "gmr_loss_exist": 0.17012662195606232, "gmr_loss_span_0": 0.030771037490081643, "gmr_loss_giou_0": 0.22077696147660716, "gmr_loss_label_0": 0.021587248546238367, "gmr_class_error_0": 2.073082178921685, "gmr_loss_exist_0": 0.0, "coarse": 1.4687763139107306, "fine": 0.7810327113127636, "rotated_bce": 5.304282957659666, "exist_pair": 1.5565145801537668, "total": 3.6382679475477038}, "chains": 2631, "seconds": 49.11768913269043, "selected": false, "exposure_sha256": "939c6bcdff0df25fae9e89eb36271ef5f4dc710a81509fcc11d47ea49750bffc"}
COMPLETED {"fold": "C1", "arm": "S1_saliency_only", "seed": 3407, "best_epoch": 1, "seen_val": {"pooled_auroc": 0.7900547757617256, "rows": 1451, "videos": 462, "source_pair_acc": 0.6707317073170732, "source_pairs": 492, "same_query_pair_acc": 0.5979383500660096, "same_query_support": 47, "raw_r1_iou_05": 0.3647932131495228, "raw_r1_iou_07": 0.1792152704135737, "threshold_logit": 4.507059574127197, "gated_r1_iou_05": 0.2301166489925769}, "epoch0": {"seen": {"pooled_auroc": 0.7882616210619483, "rows": 1451, "videos": 462, "source_pair_acc": 0.676829268292683, "source_pairs": 492, "same_query_pair_acc": 0.5633719412974733, "same_query_support": 47, "raw_r1_iou_05": 0.3743372216330859, "raw_r1_iou_07": 0.20042417815482502, "threshold_logit": 1.8752331733703613, "gated_r1_iou_05": 0.2735949098621421}}, "elapsed_seconds": 3239.458584547043, "peak_gpu_bytes": 0, "formal_U_accessed": false}
